/*
 Navicat Premium Data Transfer

 Source Server         : mysql localhost
 Source Server Type    : MySQL
 Source Server Version : 50731
 Source Host           : localhost:3306
 Source Schema         : app_note

 Target Server Type    : MySQL
 Target Server Version : 50731
 File Encoding         : 65001

 Date: 31/05/2021 12:08:16
*/

SET NAMES utf8mb4;
SET FOREIGN_KEY_CHECKS = 0;

-- ----------------------------
-- Table structure for admins
-- ----------------------------
DROP TABLE IF EXISTS `admins`;
CREATE TABLE `admins`  (
  `id` char(36) CHARACTER SET utf8mb4 COLLATE utf8mb4_unicode_ci NOT NULL,
  `name` varchar(255) CHARACTER SET utf8mb4 COLLATE utf8mb4_unicode_ci NOT NULL,
  `email` varchar(255) CHARACTER SET utf8mb4 COLLATE utf8mb4_unicode_ci NULL DEFAULT NULL,
  `phone` varchar(30) CHARACTER SET utf8mb4 COLLATE utf8mb4_unicode_ci NULL DEFAULT NULL,
  `address` varchar(255) CHARACTER SET utf8mb4 COLLATE utf8mb4_unicode_ci NULL DEFAULT NULL,
  `email_verified_at` timestamp(0) NULL DEFAULT NULL,
  `password` varchar(255) CHARACTER SET utf8mb4 COLLATE utf8mb4_unicode_ci NOT NULL,
  `remember_token` varchar(100) CHARACTER SET utf8mb4 COLLATE utf8mb4_unicode_ci NULL DEFAULT NULL,
  `created_at` timestamp(0) NULL DEFAULT NULL,
  `updated_at` timestamp(0) NULL DEFAULT NULL,
  PRIMARY KEY (`id`) USING BTREE,
  UNIQUE INDEX `admins_email_unique`(`email`) USING BTREE,
  UNIQUE INDEX `admins_phone_unique`(`phone`) USING BTREE,
  INDEX `admins_phone_index`(`phone`) USING BTREE
) ENGINE = InnoDB CHARACTER SET = utf8mb4 COLLATE = utf8mb4_unicode_ci ROW_FORMAT = Dynamic;

-- ----------------------------
-- Records of admins
-- ----------------------------
INSERT INTO `admins` VALUES ('7b4f8e7a-5fdf-4fc6-93dc-d24b760ff0cx', 'admin', 'admin@admin.com', '0978533952', 'mm', NULL, '$2y$10$/xg/d1obUelmYY34nfqqr.yOcBid3ATcvmfGeGsiHoDw76dQG..xi', 'bT1i3TBdz4zdzOgE9aoXY0kRk7eF3Ijxk3upLMKajCAfY58fflHEzPPaQqQG', '2021-05-19 11:12:40', '2021-05-25 15:21:46');

-- ----------------------------
-- Table structure for configs
-- ----------------------------
DROP TABLE IF EXISTS `configs`;
CREATE TABLE `configs`  (
  `key` varchar(255) CHARACTER SET utf8mb4 COLLATE utf8mb4_unicode_ci NOT NULL,
  `value` text CHARACTER SET utf8mb4 COLLATE utf8mb4_unicode_ci NOT NULL,
  `description` varchar(255) CHARACTER SET utf8mb4 COLLATE utf8mb4_unicode_ci NOT NULL,
  `updated_by` char(36) CHARACTER SET utf8mb4 COLLATE utf8mb4_unicode_ci NULL DEFAULT NULL,
  `created_at` timestamp(0) NULL DEFAULT NULL,
  `updated_at` timestamp(0) NULL DEFAULT NULL,
  `deleted_at` timestamp(0) NULL DEFAULT NULL,
  PRIMARY KEY (`key`) USING BTREE,
  INDEX `configs_key_index`(`key`) USING BTREE
) ENGINE = InnoDB CHARACTER SET = utf8mb4 COLLATE = utf8mb4_unicode_ci ROW_FORMAT = Dynamic;

-- ----------------------------
-- Records of configs
-- ----------------------------
INSERT INTO `configs` VALUES ('link_register', 'https://stackoverflow.com/questions/21495502/laravel-hashcheck-always-return-false', 'Link đăng ký mở quán sup, pp hải sản, quán ăn', NULL, NULL, NULL, NULL);
INSERT INTO `configs` VALUES ('link_web', 'https://www.youtube.com/watch?v=VQ9jjbt5SKU', 'Link trang web', NULL, NULL, NULL, NULL);

-- ----------------------------
-- Table structure for device_tokens
-- ----------------------------
DROP TABLE IF EXISTS `device_tokens`;
CREATE TABLE `device_tokens`  (
  `id` char(36) CHARACTER SET utf8mb4 COLLATE utf8mb4_unicode_ci NOT NULL,
  `user_id` char(36) CHARACTER SET utf8mb4 COLLATE utf8mb4_unicode_ci NULL DEFAULT NULL,
  `device_type` enum('android','ios') CHARACTER SET utf8mb4 COLLATE utf8mb4_unicode_ci NOT NULL,
  `device_token` varchar(255) CHARACTER SET utf8mb4 COLLATE utf8mb4_unicode_ci NOT NULL,
  `created_at` timestamp(0) NULL DEFAULT NULL,
  `updated_at` timestamp(0) NULL DEFAULT NULL,
  `deleted_at` timestamp(0) NULL DEFAULT NULL,
  PRIMARY KEY (`id`) USING BTREE,
  INDEX `device_tokens_user_id_foreign`(`user_id`) USING BTREE,
  INDEX `device_tokens_device_type_index`(`device_type`) USING BTREE,
  CONSTRAINT `device_tokens_user_id_foreign` FOREIGN KEY (`user_id`) REFERENCES `users` (`id`) ON DELETE CASCADE ON UPDATE CASCADE
) ENGINE = InnoDB CHARACTER SET = utf8mb4 COLLATE = utf8mb4_unicode_ci ROW_FORMAT = Dynamic;

-- ----------------------------
-- Records of device_tokens
-- ----------------------------
INSERT INTO `device_tokens` VALUES ('0a9799e8-89be-457d-b207-df4310462011', '7b4f8e7a-5fdf-4fc6-93dc-d24b760ff0cf', 'ios', '123', '2021-05-19 11:13:55', '2021-05-19 11:13:55', NULL);
INSERT INTO `device_tokens` VALUES ('0c2f6bc7-faae-4a6e-bef7-3b44cf49e186', '58b307cf-7cb7-48e1-8174-d4995bc78b60', 'ios', '123', '2021-05-20 18:18:30', '2021-05-20 18:18:30', NULL);
INSERT INTO `device_tokens` VALUES ('1fad80cd-9fbf-4424-bf8d-bff3f41128e3', '7b4f8e7a-5fdf-4fc6-93dc-d24b760ff0cf', 'ios', '123', '2021-05-19 11:37:25', '2021-05-19 11:37:25', NULL);
INSERT INTO `device_tokens` VALUES ('20af1240-e74b-4227-a88f-25ff33e032e7', '58b307cf-7cb7-48e1-8174-d4995bc78b60', 'ios', '123', '2021-05-24 17:22:41', '2021-05-24 17:22:41', NULL);
INSERT INTO `device_tokens` VALUES ('5b2cab8b-049a-4ca5-a9b7-42ccfdda0a40', '7b4f8e7a-5fdf-4fc6-93dc-d24b760ff0cf', 'ios', '123', '2021-05-19 11:13:01', '2021-05-19 11:13:32', '2021-05-19 11:13:32');
INSERT INTO `device_tokens` VALUES ('8ab8b3a9-f250-4d34-ac2f-4b3bc87b4181', '7b4f8e7a-5fdf-4fc6-93dc-d24b760ff0cf', 'ios', '123', '2021-05-19 11:12:42', '2021-05-19 11:12:44', '2021-05-19 11:12:44');
INSERT INTO `device_tokens` VALUES ('fac6de6f-f0e0-4c35-bd65-4aa1dcd80449', '58b307cf-7cb7-48e1-8174-d4995bc78b60', 'ios', '123', '2021-05-24 17:23:34', '2021-05-24 17:23:34', NULL);
INSERT INTO `device_tokens` VALUES ('fc853074-400a-4c78-9b4e-97056acfdb84', '58b307cf-7cb7-48e1-8174-d4995bc78b60', 'ios', '123', '2021-05-24 17:20:31', '2021-05-24 17:20:31', NULL);

-- ----------------------------
-- Table structure for failed_jobs
-- ----------------------------
DROP TABLE IF EXISTS `failed_jobs`;
CREATE TABLE `failed_jobs`  (
  `id` bigint(20) UNSIGNED NOT NULL AUTO_INCREMENT,
  `connection` text CHARACTER SET utf8mb4 COLLATE utf8mb4_unicode_ci NOT NULL,
  `queue` text CHARACTER SET utf8mb4 COLLATE utf8mb4_unicode_ci NOT NULL,
  `payload` longtext CHARACTER SET utf8mb4 COLLATE utf8mb4_unicode_ci NOT NULL,
  `exception` longtext CHARACTER SET utf8mb4 COLLATE utf8mb4_unicode_ci NOT NULL,
  `failed_at` timestamp(0) NOT NULL DEFAULT CURRENT_TIMESTAMP(0),
  PRIMARY KEY (`id`) USING BTREE
) ENGINE = InnoDB AUTO_INCREMENT = 15 CHARACTER SET = utf8mb4 COLLATE = utf8mb4_unicode_ci ROW_FORMAT = Dynamic;

-- ----------------------------
-- Records of failed_jobs
-- ----------------------------
INSERT INTO `failed_jobs` VALUES (8, 'database', 'default', '{\"uuid\":\"a07de2e9-a8eb-4b26-8cbc-cf252dc949b6\",\"displayName\":\"App\\\\Mail\\\\ForgotPassword\",\"job\":\"Illuminate\\\\Queue\\\\CallQueuedHandler@call\",\"maxTries\":null,\"maxExceptions\":null,\"delay\":null,\"timeout\":null,\"timeoutAt\":null,\"data\":{\"commandName\":\"Illuminate\\\\Mail\\\\SendQueuedMailable\",\"command\":\"O:34:\\\"Illuminate\\\\Mail\\\\SendQueuedMailable\\\":3:{s:8:\\\"mailable\\\";O:23:\\\"App\\\\Mail\\\\ForgotPassword\\\":26:{s:6:\\\"params\\\";a:1:{s:4:\\\"code\\\";i:869923;}s:6:\\\"locale\\\";N;s:4:\\\"from\\\";a:0:{}s:2:\\\"to\\\";a:1:{i:0;a:2:{s:4:\\\"name\\\";N;s:7:\\\"address\\\";s:17:\\\"thducit@gmail.com\\\";}}s:2:\\\"cc\\\";a:0:{}s:3:\\\"bcc\\\";a:0:{}s:7:\\\"replyTo\\\";a:0:{}s:7:\\\"subject\\\";N;s:11:\\\"\\u0000*\\u0000markdown\\\";N;s:7:\\\"\\u0000*\\u0000html\\\";N;s:4:\\\"view\\\";N;s:8:\\\"textView\\\";N;s:8:\\\"viewData\\\";a:0:{}s:11:\\\"attachments\\\";a:0:{}s:14:\\\"rawAttachments\\\";a:0:{}s:15:\\\"diskAttachments\\\";a:0:{}s:9:\\\"callbacks\\\";a:0:{}s:5:\\\"theme\\\";N;s:6:\\\"mailer\\\";s:4:\\\"smtp\\\";s:10:\\\"connection\\\";N;s:5:\\\"queue\\\";N;s:15:\\\"chainConnection\\\";N;s:10:\\\"chainQueue\\\";N;s:5:\\\"delay\\\";N;s:10:\\\"middleware\\\";a:0:{}s:7:\\\"chained\\\";a:0:{}}s:5:\\\"tries\\\";N;s:7:\\\"timeout\\\";N;}\"}}', 'Swift_TransportException: Failed to authenticate on SMTP server with username \"vangbacthaiduc@gmail.com\" using 3 possible authenticators. Authenticator LOGIN returned Expected response code 235 but got code \"535\", with message \"535-5.7.8 Username and Password not accepted. Learn more at\r\n535 5.7.8  https://support.google.com/mail/?p=BadCredentials o5sm11275124pfp.196 - gsmtp\r\n\". Authenticator PLAIN returned Expected response code 235 but got code \"535\", with message \"535-5.7.8 Username and Password not accepted. Learn more at\r\n535 5.7.8  https://support.google.com/mail/?p=BadCredentials o5sm11275124pfp.196 - gsmtp\r\n\". Authenticator XOAUTH2 returned Expected response code 250 but got code \"535\", with message \"535-5.7.8 Username and Password not accepted. Learn more at\r\n535 5.7.8  https://support.google.com/mail/?p=BadCredentials o5sm11275124pfp.196 - gsmtp\r\n\". in D:\\Duc\\sources\\laravel-core\\vendor\\swiftmailer\\swiftmailer\\lib\\classes\\Swift\\Transport\\Esmtp\\AuthHandler.php:191\nStack trace:\n#0 D:\\Duc\\sources\\laravel-core\\vendor\\swiftmailer\\swiftmailer\\lib\\classes\\Swift\\Transport\\EsmtpTransport.php(371): Swift_Transport_Esmtp_AuthHandler->afterEhlo(Object(Swift_SmtpTransport))\n#1 D:\\Duc\\sources\\laravel-core\\vendor\\swiftmailer\\swiftmailer\\lib\\classes\\Swift\\Transport\\AbstractSmtpTransport.php(148): Swift_Transport_EsmtpTransport->doHeloCommand()\n#2 D:\\Duc\\sources\\laravel-core\\vendor\\swiftmailer\\swiftmailer\\lib\\classes\\Swift\\Mailer.php(65): Swift_Transport_AbstractSmtpTransport->start()\n#3 D:\\Duc\\sources\\laravel-core\\vendor\\laravel\\framework\\src\\Illuminate\\Mail\\Mailer.php(521): Swift_Mailer->send(Object(Swift_Message), Array)\n#4 D:\\Duc\\sources\\laravel-core\\vendor\\laravel\\framework\\src\\Illuminate\\Mail\\Mailer.php(288): Illuminate\\Mail\\Mailer->sendSwiftMessage(Object(Swift_Message))\n#5 D:\\Duc\\sources\\laravel-core\\vendor\\laravel\\framework\\src\\Illuminate\\Mail\\Mailable.php(177): Illuminate\\Mail\\Mailer->send(Object(Illuminate\\Support\\HtmlString), Array, Object(Closure))\n#6 D:\\Duc\\sources\\laravel-core\\vendor\\laravel\\framework\\src\\Illuminate\\Support\\Traits\\Localizable.php(19): Illuminate\\Mail\\Mailable->Illuminate\\Mail\\{closure}()\n#7 D:\\Duc\\sources\\laravel-core\\vendor\\laravel\\framework\\src\\Illuminate\\Mail\\Mailable.php(178): Illuminate\\Mail\\Mailable->withLocale(NULL, Object(Closure))\n#8 D:\\Duc\\sources\\laravel-core\\vendor\\laravel\\framework\\src\\Illuminate\\Mail\\SendQueuedMailable.php(52): Illuminate\\Mail\\Mailable->send(Object(Illuminate\\Mail\\MailManager))\n#9 D:\\Duc\\sources\\laravel-core\\vendor\\laravel\\framework\\src\\Illuminate\\Container\\BoundMethod.php(36): Illuminate\\Mail\\SendQueuedMailable->handle(Object(Illuminate\\Mail\\MailManager))\n#10 D:\\Duc\\sources\\laravel-core\\vendor\\laravel\\framework\\src\\Illuminate\\Container\\Util.php(37): Illuminate\\Container\\BoundMethod::Illuminate\\Container\\{closure}()\n#11 D:\\Duc\\sources\\laravel-core\\vendor\\laravel\\framework\\src\\Illuminate\\Container\\BoundMethod.php(93): Illuminate\\Container\\Util::unwrapIfClosure(Object(Closure))\n#12 D:\\Duc\\sources\\laravel-core\\vendor\\laravel\\framework\\src\\Illuminate\\Container\\BoundMethod.php(37): Illuminate\\Container\\BoundMethod::callBoundMethod(Object(Illuminate\\Foundation\\Application), Array, Object(Closure))\n#13 D:\\Duc\\sources\\laravel-core\\vendor\\laravel\\framework\\src\\Illuminate\\Container\\Container.php(596): Illuminate\\Container\\BoundMethod::call(Object(Illuminate\\Foundation\\Application), Array, Array, NULL)\n#14 D:\\Duc\\sources\\laravel-core\\vendor\\laravel\\framework\\src\\Illuminate\\Bus\\Dispatcher.php(94): Illuminate\\Container\\Container->call(Array)\n#15 D:\\Duc\\sources\\laravel-core\\vendor\\laravel\\framework\\src\\Illuminate\\Pipeline\\Pipeline.php(128): Illuminate\\Bus\\Dispatcher->Illuminate\\Bus\\{closure}(Object(Illuminate\\Mail\\SendQueuedMailable))\n#16 D:\\Duc\\sources\\laravel-core\\vendor\\laravel\\framework\\src\\Illuminate\\Pipeline\\Pipeline.php(103): Illuminate\\Pipeline\\Pipeline->Illuminate\\Pipeline\\{closure}(Object(Illuminate\\Mail\\SendQueuedMailable))\n#17 D:\\Duc\\sources\\laravel-core\\vendor\\laravel\\framework\\src\\Illuminate\\Bus\\Dispatcher.php(98): Illuminate\\Pipeline\\Pipeline->then(Object(Closure))\n#18 D:\\Duc\\sources\\laravel-core\\vendor\\laravel\\framework\\src\\Illuminate\\Queue\\CallQueuedHandler.php(83): Illuminate\\Bus\\Dispatcher->dispatchNow(Object(Illuminate\\Mail\\SendQueuedMailable), false)\n#19 D:\\Duc\\sources\\laravel-core\\vendor\\laravel\\framework\\src\\Illuminate\\Pipeline\\Pipeline.php(128): Illuminate\\Queue\\CallQueuedHandler->Illuminate\\Queue\\{closure}(Object(Illuminate\\Mail\\SendQueuedMailable))\n#20 D:\\Duc\\sources\\laravel-core\\vendor\\laravel\\framework\\src\\Illuminate\\Pipeline\\Pipeline.php(103): Illuminate\\Pipeline\\Pipeline->Illuminate\\Pipeline\\{closure}(Object(Illuminate\\Mail\\SendQueuedMailable))\n#21 D:\\Duc\\sources\\laravel-core\\vendor\\laravel\\framework\\src\\Illuminate\\Queue\\CallQueuedHandler.php(85): Illuminate\\Pipeline\\Pipeline->then(Object(Closure))\n#22 D:\\Duc\\sources\\laravel-core\\vendor\\laravel\\framework\\src\\Illuminate\\Queue\\CallQueuedHandler.php(59): Illuminate\\Queue\\CallQueuedHandler->dispatchThroughMiddleware(Object(Illuminate\\Queue\\Jobs\\DatabaseJob), Object(Illuminate\\Mail\\SendQueuedMailable))\n#23 D:\\Duc\\sources\\laravel-core\\vendor\\laravel\\framework\\src\\Illuminate\\Queue\\Jobs\\Job.php(98): Illuminate\\Queue\\CallQueuedHandler->call(Object(Illuminate\\Queue\\Jobs\\DatabaseJob), Array)\n#24 D:\\Duc\\sources\\laravel-core\\vendor\\laravel\\framework\\src\\Illuminate\\Queue\\Worker.php(356): Illuminate\\Queue\\Jobs\\Job->fire()\n#25 D:\\Duc\\sources\\laravel-core\\vendor\\laravel\\framework\\src\\Illuminate\\Queue\\Worker.php(306): Illuminate\\Queue\\Worker->process(\'database\', Object(Illuminate\\Queue\\Jobs\\DatabaseJob), Object(Illuminate\\Queue\\WorkerOptions))\n#26 D:\\Duc\\sources\\laravel-core\\vendor\\laravel\\framework\\src\\Illuminate\\Queue\\Worker.php(265): Illuminate\\Queue\\Worker->runJob(Object(Illuminate\\Queue\\Jobs\\DatabaseJob), \'database\', Object(Illuminate\\Queue\\WorkerOptions))\n#27 D:\\Duc\\sources\\laravel-core\\vendor\\laravel\\framework\\src\\Illuminate\\Queue\\Console\\WorkCommand.php(112): Illuminate\\Queue\\Worker->runNextJob(\'database\', \'default\', Object(Illuminate\\Queue\\WorkerOptions))\n#28 D:\\Duc\\sources\\laravel-core\\vendor\\laravel\\framework\\src\\Illuminate\\Queue\\Console\\WorkCommand.php(96): Illuminate\\Queue\\Console\\WorkCommand->runWorker(\'database\', \'default\')\n#29 D:\\Duc\\sources\\laravel-core\\vendor\\laravel\\framework\\src\\Illuminate\\Container\\BoundMethod.php(36): Illuminate\\Queue\\Console\\WorkCommand->handle()\n#30 D:\\Duc\\sources\\laravel-core\\vendor\\laravel\\framework\\src\\Illuminate\\Container\\Util.php(37): Illuminate\\Container\\BoundMethod::Illuminate\\Container\\{closure}()\n#31 D:\\Duc\\sources\\laravel-core\\vendor\\laravel\\framework\\src\\Illuminate\\Container\\BoundMethod.php(93): Illuminate\\Container\\Util::unwrapIfClosure(Object(Closure))\n#32 D:\\Duc\\sources\\laravel-core\\vendor\\laravel\\framework\\src\\Illuminate\\Container\\BoundMethod.php(37): Illuminate\\Container\\BoundMethod::callBoundMethod(Object(Illuminate\\Foundation\\Application), Array, Object(Closure))\n#33 D:\\Duc\\sources\\laravel-core\\vendor\\laravel\\framework\\src\\Illuminate\\Container\\Container.php(596): Illuminate\\Container\\BoundMethod::call(Object(Illuminate\\Foundation\\Application), Array, Array, NULL)\n#34 D:\\Duc\\sources\\laravel-core\\vendor\\laravel\\framework\\src\\Illuminate\\Console\\Command.php(134): Illuminate\\Container\\Container->call(Array)\n#35 D:\\Duc\\sources\\laravel-core\\vendor\\symfony\\console\\Command\\Command.php(256): Illuminate\\Console\\Command->execute(Object(Symfony\\Component\\Console\\Input\\ArgvInput), Object(Illuminate\\Console\\OutputStyle))\n#36 D:\\Duc\\sources\\laravel-core\\vendor\\laravel\\framework\\src\\Illuminate\\Console\\Command.php(121): Symfony\\Component\\Console\\Command\\Command->run(Object(Symfony\\Component\\Console\\Input\\ArgvInput), Object(Illuminate\\Console\\OutputStyle))\n#37 D:\\Duc\\sources\\laravel-core\\vendor\\symfony\\console\\Application.php(971): Illuminate\\Console\\Command->run(Object(Symfony\\Component\\Console\\Input\\ArgvInput), Object(Symfony\\Component\\Console\\Output\\ConsoleOutput))\n#38 D:\\Duc\\sources\\laravel-core\\vendor\\symfony\\console\\Application.php(290): Symfony\\Component\\Console\\Application->doRunCommand(Object(Illuminate\\Queue\\Console\\WorkCommand), Object(Symfony\\Component\\Console\\Input\\ArgvInput), Object(Symfony\\Component\\Console\\Output\\ConsoleOutput))\n#39 D:\\Duc\\sources\\laravel-core\\vendor\\symfony\\console\\Application.php(166): Symfony\\Component\\Console\\Application->doRun(Object(Symfony\\Component\\Console\\Input\\ArgvInput), Object(Symfony\\Component\\Console\\Output\\ConsoleOutput))\n#40 D:\\Duc\\sources\\laravel-core\\vendor\\laravel\\framework\\src\\Illuminate\\Console\\Application.php(93): Symfony\\Component\\Console\\Application->run(Object(Symfony\\Component\\Console\\Input\\ArgvInput), Object(Symfony\\Component\\Console\\Output\\ConsoleOutput))\n#41 D:\\Duc\\sources\\laravel-core\\vendor\\laravel\\framework\\src\\Illuminate\\Foundation\\Console\\Kernel.php(129): Illuminate\\Console\\Application->run(Object(Symfony\\Component\\Console\\Input\\ArgvInput), Object(Symfony\\Component\\Console\\Output\\ConsoleOutput))\n#42 D:\\Duc\\sources\\laravel-core\\artisan(37): Illuminate\\Foundation\\Console\\Kernel->handle(Object(Symfony\\Component\\Console\\Input\\ArgvInput), Object(Symfony\\Component\\Console\\Output\\ConsoleOutput))\n#43 {main}', '2021-05-19 14:33:59');
INSERT INTO `failed_jobs` VALUES (9, 'database', 'default', '{\"uuid\":\"2c379363-2834-48bd-9a03-6bd2b92ba515\",\"displayName\":\"App\\\\Mail\\\\ForgotPassword\",\"job\":\"Illuminate\\\\Queue\\\\CallQueuedHandler@call\",\"maxTries\":null,\"maxExceptions\":null,\"delay\":null,\"timeout\":null,\"timeoutAt\":null,\"data\":{\"commandName\":\"Illuminate\\\\Mail\\\\SendQueuedMailable\",\"command\":\"O:34:\\\"Illuminate\\\\Mail\\\\SendQueuedMailable\\\":3:{s:8:\\\"mailable\\\";O:23:\\\"App\\\\Mail\\\\ForgotPassword\\\":26:{s:6:\\\"params\\\";a:1:{s:4:\\\"code\\\";i:573893;}s:6:\\\"locale\\\";N;s:4:\\\"from\\\";a:0:{}s:2:\\\"to\\\";a:1:{i:0;a:2:{s:4:\\\"name\\\";N;s:7:\\\"address\\\";s:17:\\\"thducit@gmail.com\\\";}}s:2:\\\"cc\\\";a:0:{}s:3:\\\"bcc\\\";a:0:{}s:7:\\\"replyTo\\\";a:0:{}s:7:\\\"subject\\\";N;s:11:\\\"\\u0000*\\u0000markdown\\\";N;s:7:\\\"\\u0000*\\u0000html\\\";N;s:4:\\\"view\\\";N;s:8:\\\"textView\\\";N;s:8:\\\"viewData\\\";a:0:{}s:11:\\\"attachments\\\";a:0:{}s:14:\\\"rawAttachments\\\";a:0:{}s:15:\\\"diskAttachments\\\";a:0:{}s:9:\\\"callbacks\\\";a:0:{}s:5:\\\"theme\\\";N;s:6:\\\"mailer\\\";s:4:\\\"smtp\\\";s:10:\\\"connection\\\";N;s:5:\\\"queue\\\";N;s:15:\\\"chainConnection\\\";N;s:10:\\\"chainQueue\\\";N;s:5:\\\"delay\\\";N;s:10:\\\"middleware\\\";a:0:{}s:7:\\\"chained\\\";a:0:{}}s:5:\\\"tries\\\";N;s:7:\\\"timeout\\\";N;}\"}}', 'Swift_TransportException: Failed to authenticate on SMTP server with username \"leeupwork1@gmail.com\" using 3 possible authenticators. Authenticator LOGIN returned Expected response code 235 but got code \"534\", with message \"534-5.7.9 Please log in with your web browser and then try again. Learn more at\r\n534 5.7.9  https://support.google.com/mail/?p=WebLoginRequired b12sm3533771pjd.22 - gsmtp\r\n\". Authenticator PLAIN returned Expected response code 235 but got code \"534\", with message \"534-5.7.9 Please log in with your web browser and then try again. Learn more at\r\n534 5.7.9  https://support.google.com/mail/?p=WebLoginRequired b12sm3533771pjd.22 - gsmtp\r\n\". Authenticator XOAUTH2 returned Expected response code 250 but got code \"535\", with message \"535-5.7.8 Username and Password not accepted. Learn more at\r\n535 5.7.8  https://support.google.com/mail/?p=BadCredentials b12sm3533771pjd.22 - gsmtp\r\n\". in D:\\Duc\\sources\\laravel-core\\vendor\\swiftmailer\\swiftmailer\\lib\\classes\\Swift\\Transport\\Esmtp\\AuthHandler.php:191\nStack trace:\n#0 D:\\Duc\\sources\\laravel-core\\vendor\\swiftmailer\\swiftmailer\\lib\\classes\\Swift\\Transport\\EsmtpTransport.php(371): Swift_Transport_Esmtp_AuthHandler->afterEhlo(Object(Swift_SmtpTransport))\n#1 D:\\Duc\\sources\\laravel-core\\vendor\\swiftmailer\\swiftmailer\\lib\\classes\\Swift\\Transport\\AbstractSmtpTransport.php(148): Swift_Transport_EsmtpTransport->doHeloCommand()\n#2 D:\\Duc\\sources\\laravel-core\\vendor\\swiftmailer\\swiftmailer\\lib\\classes\\Swift\\Mailer.php(65): Swift_Transport_AbstractSmtpTransport->start()\n#3 D:\\Duc\\sources\\laravel-core\\vendor\\laravel\\framework\\src\\Illuminate\\Mail\\Mailer.php(521): Swift_Mailer->send(Object(Swift_Message), Array)\n#4 D:\\Duc\\sources\\laravel-core\\vendor\\laravel\\framework\\src\\Illuminate\\Mail\\Mailer.php(288): Illuminate\\Mail\\Mailer->sendSwiftMessage(Object(Swift_Message))\n#5 D:\\Duc\\sources\\laravel-core\\vendor\\laravel\\framework\\src\\Illuminate\\Mail\\Mailable.php(177): Illuminate\\Mail\\Mailer->send(Object(Illuminate\\Support\\HtmlString), Array, Object(Closure))\n#6 D:\\Duc\\sources\\laravel-core\\vendor\\laravel\\framework\\src\\Illuminate\\Support\\Traits\\Localizable.php(19): Illuminate\\Mail\\Mailable->Illuminate\\Mail\\{closure}()\n#7 D:\\Duc\\sources\\laravel-core\\vendor\\laravel\\framework\\src\\Illuminate\\Mail\\Mailable.php(178): Illuminate\\Mail\\Mailable->withLocale(NULL, Object(Closure))\n#8 D:\\Duc\\sources\\laravel-core\\vendor\\laravel\\framework\\src\\Illuminate\\Mail\\SendQueuedMailable.php(52): Illuminate\\Mail\\Mailable->send(Object(Illuminate\\Mail\\MailManager))\n#9 D:\\Duc\\sources\\laravel-core\\vendor\\laravel\\framework\\src\\Illuminate\\Container\\BoundMethod.php(36): Illuminate\\Mail\\SendQueuedMailable->handle(Object(Illuminate\\Mail\\MailManager))\n#10 D:\\Duc\\sources\\laravel-core\\vendor\\laravel\\framework\\src\\Illuminate\\Container\\Util.php(37): Illuminate\\Container\\BoundMethod::Illuminate\\Container\\{closure}()\n#11 D:\\Duc\\sources\\laravel-core\\vendor\\laravel\\framework\\src\\Illuminate\\Container\\BoundMethod.php(93): Illuminate\\Container\\Util::unwrapIfClosure(Object(Closure))\n#12 D:\\Duc\\sources\\laravel-core\\vendor\\laravel\\framework\\src\\Illuminate\\Container\\BoundMethod.php(37): Illuminate\\Container\\BoundMethod::callBoundMethod(Object(Illuminate\\Foundation\\Application), Array, Object(Closure))\n#13 D:\\Duc\\sources\\laravel-core\\vendor\\laravel\\framework\\src\\Illuminate\\Container\\Container.php(596): Illuminate\\Container\\BoundMethod::call(Object(Illuminate\\Foundation\\Application), Array, Array, NULL)\n#14 D:\\Duc\\sources\\laravel-core\\vendor\\laravel\\framework\\src\\Illuminate\\Bus\\Dispatcher.php(94): Illuminate\\Container\\Container->call(Array)\n#15 D:\\Duc\\sources\\laravel-core\\vendor\\laravel\\framework\\src\\Illuminate\\Pipeline\\Pipeline.php(128): Illuminate\\Bus\\Dispatcher->Illuminate\\Bus\\{closure}(Object(Illuminate\\Mail\\SendQueuedMailable))\n#16 D:\\Duc\\sources\\laravel-core\\vendor\\laravel\\framework\\src\\Illuminate\\Pipeline\\Pipeline.php(103): Illuminate\\Pipeline\\Pipeline->Illuminate\\Pipeline\\{closure}(Object(Illuminate\\Mail\\SendQueuedMailable))\n#17 D:\\Duc\\sources\\laravel-core\\vendor\\laravel\\framework\\src\\Illuminate\\Bus\\Dispatcher.php(98): Illuminate\\Pipeline\\Pipeline->then(Object(Closure))\n#18 D:\\Duc\\sources\\laravel-core\\vendor\\laravel\\framework\\src\\Illuminate\\Queue\\CallQueuedHandler.php(83): Illuminate\\Bus\\Dispatcher->dispatchNow(Object(Illuminate\\Mail\\SendQueuedMailable), false)\n#19 D:\\Duc\\sources\\laravel-core\\vendor\\laravel\\framework\\src\\Illuminate\\Pipeline\\Pipeline.php(128): Illuminate\\Queue\\CallQueuedHandler->Illuminate\\Queue\\{closure}(Object(Illuminate\\Mail\\SendQueuedMailable))\n#20 D:\\Duc\\sources\\laravel-core\\vendor\\laravel\\framework\\src\\Illuminate\\Pipeline\\Pipeline.php(103): Illuminate\\Pipeline\\Pipeline->Illuminate\\Pipeline\\{closure}(Object(Illuminate\\Mail\\SendQueuedMailable))\n#21 D:\\Duc\\sources\\laravel-core\\vendor\\laravel\\framework\\src\\Illuminate\\Queue\\CallQueuedHandler.php(85): Illuminate\\Pipeline\\Pipeline->then(Object(Closure))\n#22 D:\\Duc\\sources\\laravel-core\\vendor\\laravel\\framework\\src\\Illuminate\\Queue\\CallQueuedHandler.php(59): Illuminate\\Queue\\CallQueuedHandler->dispatchThroughMiddleware(Object(Illuminate\\Queue\\Jobs\\DatabaseJob), Object(Illuminate\\Mail\\SendQueuedMailable))\n#23 D:\\Duc\\sources\\laravel-core\\vendor\\laravel\\framework\\src\\Illuminate\\Queue\\Jobs\\Job.php(98): Illuminate\\Queue\\CallQueuedHandler->call(Object(Illuminate\\Queue\\Jobs\\DatabaseJob), Array)\n#24 D:\\Duc\\sources\\laravel-core\\vendor\\laravel\\framework\\src\\Illuminate\\Queue\\Worker.php(356): Illuminate\\Queue\\Jobs\\Job->fire()\n#25 D:\\Duc\\sources\\laravel-core\\vendor\\laravel\\framework\\src\\Illuminate\\Queue\\Worker.php(306): Illuminate\\Queue\\Worker->process(\'database\', Object(Illuminate\\Queue\\Jobs\\DatabaseJob), Object(Illuminate\\Queue\\WorkerOptions))\n#26 D:\\Duc\\sources\\laravel-core\\vendor\\laravel\\framework\\src\\Illuminate\\Queue\\Worker.php(265): Illuminate\\Queue\\Worker->runJob(Object(Illuminate\\Queue\\Jobs\\DatabaseJob), \'database\', Object(Illuminate\\Queue\\WorkerOptions))\n#27 D:\\Duc\\sources\\laravel-core\\vendor\\laravel\\framework\\src\\Illuminate\\Queue\\Console\\WorkCommand.php(112): Illuminate\\Queue\\Worker->runNextJob(\'database\', \'default\', Object(Illuminate\\Queue\\WorkerOptions))\n#28 D:\\Duc\\sources\\laravel-core\\vendor\\laravel\\framework\\src\\Illuminate\\Queue\\Console\\WorkCommand.php(96): Illuminate\\Queue\\Console\\WorkCommand->runWorker(\'database\', \'default\')\n#29 D:\\Duc\\sources\\laravel-core\\vendor\\laravel\\framework\\src\\Illuminate\\Container\\BoundMethod.php(36): Illuminate\\Queue\\Console\\WorkCommand->handle()\n#30 D:\\Duc\\sources\\laravel-core\\vendor\\laravel\\framework\\src\\Illuminate\\Container\\Util.php(37): Illuminate\\Container\\BoundMethod::Illuminate\\Container\\{closure}()\n#31 D:\\Duc\\sources\\laravel-core\\vendor\\laravel\\framework\\src\\Illuminate\\Container\\BoundMethod.php(93): Illuminate\\Container\\Util::unwrapIfClosure(Object(Closure))\n#32 D:\\Duc\\sources\\laravel-core\\vendor\\laravel\\framework\\src\\Illuminate\\Container\\BoundMethod.php(37): Illuminate\\Container\\BoundMethod::callBoundMethod(Object(Illuminate\\Foundation\\Application), Array, Object(Closure))\n#33 D:\\Duc\\sources\\laravel-core\\vendor\\laravel\\framework\\src\\Illuminate\\Container\\Container.php(596): Illuminate\\Container\\BoundMethod::call(Object(Illuminate\\Foundation\\Application), Array, Array, NULL)\n#34 D:\\Duc\\sources\\laravel-core\\vendor\\laravel\\framework\\src\\Illuminate\\Console\\Command.php(134): Illuminate\\Container\\Container->call(Array)\n#35 D:\\Duc\\sources\\laravel-core\\vendor\\symfony\\console\\Command\\Command.php(256): Illuminate\\Console\\Command->execute(Object(Symfony\\Component\\Console\\Input\\ArgvInput), Object(Illuminate\\Console\\OutputStyle))\n#36 D:\\Duc\\sources\\laravel-core\\vendor\\laravel\\framework\\src\\Illuminate\\Console\\Command.php(121): Symfony\\Component\\Console\\Command\\Command->run(Object(Symfony\\Component\\Console\\Input\\ArgvInput), Object(Illuminate\\Console\\OutputStyle))\n#37 D:\\Duc\\sources\\laravel-core\\vendor\\symfony\\console\\Application.php(971): Illuminate\\Console\\Command->run(Object(Symfony\\Component\\Console\\Input\\ArgvInput), Object(Symfony\\Component\\Console\\Output\\ConsoleOutput))\n#38 D:\\Duc\\sources\\laravel-core\\vendor\\symfony\\console\\Application.php(290): Symfony\\Component\\Console\\Application->doRunCommand(Object(Illuminate\\Queue\\Console\\WorkCommand), Object(Symfony\\Component\\Console\\Input\\ArgvInput), Object(Symfony\\Component\\Console\\Output\\ConsoleOutput))\n#39 D:\\Duc\\sources\\laravel-core\\vendor\\symfony\\console\\Application.php(166): Symfony\\Component\\Console\\Application->doRun(Object(Symfony\\Component\\Console\\Input\\ArgvInput), Object(Symfony\\Component\\Console\\Output\\ConsoleOutput))\n#40 D:\\Duc\\sources\\laravel-core\\vendor\\laravel\\framework\\src\\Illuminate\\Console\\Application.php(93): Symfony\\Component\\Console\\Application->run(Object(Symfony\\Component\\Console\\Input\\ArgvInput), Object(Symfony\\Component\\Console\\Output\\ConsoleOutput))\n#41 D:\\Duc\\sources\\laravel-core\\vendor\\laravel\\framework\\src\\Illuminate\\Foundation\\Console\\Kernel.php(129): Illuminate\\Console\\Application->run(Object(Symfony\\Component\\Console\\Input\\ArgvInput), Object(Symfony\\Component\\Console\\Output\\ConsoleOutput))\n#42 D:\\Duc\\sources\\laravel-core\\artisan(37): Illuminate\\Foundation\\Console\\Kernel->handle(Object(Symfony\\Component\\Console\\Input\\ArgvInput), Object(Symfony\\Component\\Console\\Output\\ConsoleOutput))\n#43 {main}', '2021-05-19 14:35:34');
INSERT INTO `failed_jobs` VALUES (10, 'database', 'default', '{\"uuid\":\"798b1ba2-6882-4448-9abd-932582f23860\",\"displayName\":\"App\\\\Mail\\\\ForgotPassword\",\"job\":\"Illuminate\\\\Queue\\\\CallQueuedHandler@call\",\"maxTries\":null,\"maxExceptions\":null,\"delay\":null,\"timeout\":null,\"timeoutAt\":null,\"data\":{\"commandName\":\"Illuminate\\\\Mail\\\\SendQueuedMailable\",\"command\":\"O:34:\\\"Illuminate\\\\Mail\\\\SendQueuedMailable\\\":3:{s:8:\\\"mailable\\\";O:23:\\\"App\\\\Mail\\\\ForgotPassword\\\":26:{s:6:\\\"params\\\";a:1:{s:4:\\\"code\\\";i:793913;}s:6:\\\"locale\\\";N;s:4:\\\"from\\\";a:0:{}s:2:\\\"to\\\";a:1:{i:0;a:2:{s:4:\\\"name\\\";N;s:7:\\\"address\\\";s:17:\\\"thducit@gmail.com\\\";}}s:2:\\\"cc\\\";a:0:{}s:3:\\\"bcc\\\";a:0:{}s:7:\\\"replyTo\\\";a:0:{}s:7:\\\"subject\\\";N;s:11:\\\"\\u0000*\\u0000markdown\\\";N;s:7:\\\"\\u0000*\\u0000html\\\";N;s:4:\\\"view\\\";N;s:8:\\\"textView\\\";N;s:8:\\\"viewData\\\";a:0:{}s:11:\\\"attachments\\\";a:0:{}s:14:\\\"rawAttachments\\\";a:0:{}s:15:\\\"diskAttachments\\\";a:0:{}s:9:\\\"callbacks\\\";a:0:{}s:5:\\\"theme\\\";N;s:6:\\\"mailer\\\";s:4:\\\"smtp\\\";s:10:\\\"connection\\\";N;s:5:\\\"queue\\\";N;s:15:\\\"chainConnection\\\";N;s:10:\\\"chainQueue\\\";N;s:5:\\\"delay\\\";N;s:10:\\\"middleware\\\";a:0:{}s:7:\\\"chained\\\";a:0:{}}s:5:\\\"tries\\\";N;s:7:\\\"timeout\\\";N;}\"}}', 'Swift_TransportException: Failed to authenticate on SMTP server with username \"leeupwork1@gmail.com\" using 3 possible authenticators. Authenticator LOGIN returned Expected response code 235 but got code \"534\", with message \"534-5.7.9 Please log in with your web browser and then try again. Learn more at\r\n534 5.7.9  https://support.google.com/mail/?p=WebLoginRequired u4sm3030506pgl.43 - gsmtp\r\n\". Authenticator PLAIN returned Expected response code 235 but got code \"534\", with message \"534-5.7.9 Please log in with your web browser and then try again. Learn more at\r\n534 5.7.9  https://support.google.com/mail/?p=WebLoginRequired u4sm3030506pgl.43 - gsmtp\r\n\". Authenticator XOAUTH2 returned Expected response code 250 but got code \"535\", with message \"535-5.7.8 Username and Password not accepted. Learn more at\r\n535 5.7.8  https://support.google.com/mail/?p=BadCredentials u4sm3030506pgl.43 - gsmtp\r\n\". in D:\\Duc\\sources\\laravel-core\\vendor\\swiftmailer\\swiftmailer\\lib\\classes\\Swift\\Transport\\Esmtp\\AuthHandler.php:191\nStack trace:\n#0 D:\\Duc\\sources\\laravel-core\\vendor\\swiftmailer\\swiftmailer\\lib\\classes\\Swift\\Transport\\EsmtpTransport.php(371): Swift_Transport_Esmtp_AuthHandler->afterEhlo(Object(Swift_SmtpTransport))\n#1 D:\\Duc\\sources\\laravel-core\\vendor\\swiftmailer\\swiftmailer\\lib\\classes\\Swift\\Transport\\AbstractSmtpTransport.php(148): Swift_Transport_EsmtpTransport->doHeloCommand()\n#2 D:\\Duc\\sources\\laravel-core\\vendor\\swiftmailer\\swiftmailer\\lib\\classes\\Swift\\Mailer.php(65): Swift_Transport_AbstractSmtpTransport->start()\n#3 D:\\Duc\\sources\\laravel-core\\vendor\\laravel\\framework\\src\\Illuminate\\Mail\\Mailer.php(521): Swift_Mailer->send(Object(Swift_Message), Array)\n#4 D:\\Duc\\sources\\laravel-core\\vendor\\laravel\\framework\\src\\Illuminate\\Mail\\Mailer.php(288): Illuminate\\Mail\\Mailer->sendSwiftMessage(Object(Swift_Message))\n#5 D:\\Duc\\sources\\laravel-core\\vendor\\laravel\\framework\\src\\Illuminate\\Mail\\Mailable.php(177): Illuminate\\Mail\\Mailer->send(Object(Illuminate\\Support\\HtmlString), Array, Object(Closure))\n#6 D:\\Duc\\sources\\laravel-core\\vendor\\laravel\\framework\\src\\Illuminate\\Support\\Traits\\Localizable.php(19): Illuminate\\Mail\\Mailable->Illuminate\\Mail\\{closure}()\n#7 D:\\Duc\\sources\\laravel-core\\vendor\\laravel\\framework\\src\\Illuminate\\Mail\\Mailable.php(178): Illuminate\\Mail\\Mailable->withLocale(NULL, Object(Closure))\n#8 D:\\Duc\\sources\\laravel-core\\vendor\\laravel\\framework\\src\\Illuminate\\Mail\\SendQueuedMailable.php(52): Illuminate\\Mail\\Mailable->send(Object(Illuminate\\Mail\\MailManager))\n#9 D:\\Duc\\sources\\laravel-core\\vendor\\laravel\\framework\\src\\Illuminate\\Container\\BoundMethod.php(36): Illuminate\\Mail\\SendQueuedMailable->handle(Object(Illuminate\\Mail\\MailManager))\n#10 D:\\Duc\\sources\\laravel-core\\vendor\\laravel\\framework\\src\\Illuminate\\Container\\Util.php(37): Illuminate\\Container\\BoundMethod::Illuminate\\Container\\{closure}()\n#11 D:\\Duc\\sources\\laravel-core\\vendor\\laravel\\framework\\src\\Illuminate\\Container\\BoundMethod.php(93): Illuminate\\Container\\Util::unwrapIfClosure(Object(Closure))\n#12 D:\\Duc\\sources\\laravel-core\\vendor\\laravel\\framework\\src\\Illuminate\\Container\\BoundMethod.php(37): Illuminate\\Container\\BoundMethod::callBoundMethod(Object(Illuminate\\Foundation\\Application), Array, Object(Closure))\n#13 D:\\Duc\\sources\\laravel-core\\vendor\\laravel\\framework\\src\\Illuminate\\Container\\Container.php(596): Illuminate\\Container\\BoundMethod::call(Object(Illuminate\\Foundation\\Application), Array, Array, NULL)\n#14 D:\\Duc\\sources\\laravel-core\\vendor\\laravel\\framework\\src\\Illuminate\\Bus\\Dispatcher.php(94): Illuminate\\Container\\Container->call(Array)\n#15 D:\\Duc\\sources\\laravel-core\\vendor\\laravel\\framework\\src\\Illuminate\\Pipeline\\Pipeline.php(128): Illuminate\\Bus\\Dispatcher->Illuminate\\Bus\\{closure}(Object(Illuminate\\Mail\\SendQueuedMailable))\n#16 D:\\Duc\\sources\\laravel-core\\vendor\\laravel\\framework\\src\\Illuminate\\Pipeline\\Pipeline.php(103): Illuminate\\Pipeline\\Pipeline->Illuminate\\Pipeline\\{closure}(Object(Illuminate\\Mail\\SendQueuedMailable))\n#17 D:\\Duc\\sources\\laravel-core\\vendor\\laravel\\framework\\src\\Illuminate\\Bus\\Dispatcher.php(98): Illuminate\\Pipeline\\Pipeline->then(Object(Closure))\n#18 D:\\Duc\\sources\\laravel-core\\vendor\\laravel\\framework\\src\\Illuminate\\Queue\\CallQueuedHandler.php(83): Illuminate\\Bus\\Dispatcher->dispatchNow(Object(Illuminate\\Mail\\SendQueuedMailable), false)\n#19 D:\\Duc\\sources\\laravel-core\\vendor\\laravel\\framework\\src\\Illuminate\\Pipeline\\Pipeline.php(128): Illuminate\\Queue\\CallQueuedHandler->Illuminate\\Queue\\{closure}(Object(Illuminate\\Mail\\SendQueuedMailable))\n#20 D:\\Duc\\sources\\laravel-core\\vendor\\laravel\\framework\\src\\Illuminate\\Pipeline\\Pipeline.php(103): Illuminate\\Pipeline\\Pipeline->Illuminate\\Pipeline\\{closure}(Object(Illuminate\\Mail\\SendQueuedMailable))\n#21 D:\\Duc\\sources\\laravel-core\\vendor\\laravel\\framework\\src\\Illuminate\\Queue\\CallQueuedHandler.php(85): Illuminate\\Pipeline\\Pipeline->then(Object(Closure))\n#22 D:\\Duc\\sources\\laravel-core\\vendor\\laravel\\framework\\src\\Illuminate\\Queue\\CallQueuedHandler.php(59): Illuminate\\Queue\\CallQueuedHandler->dispatchThroughMiddleware(Object(Illuminate\\Queue\\Jobs\\DatabaseJob), Object(Illuminate\\Mail\\SendQueuedMailable))\n#23 D:\\Duc\\sources\\laravel-core\\vendor\\laravel\\framework\\src\\Illuminate\\Queue\\Jobs\\Job.php(98): Illuminate\\Queue\\CallQueuedHandler->call(Object(Illuminate\\Queue\\Jobs\\DatabaseJob), Array)\n#24 D:\\Duc\\sources\\laravel-core\\vendor\\laravel\\framework\\src\\Illuminate\\Queue\\Worker.php(356): Illuminate\\Queue\\Jobs\\Job->fire()\n#25 D:\\Duc\\sources\\laravel-core\\vendor\\laravel\\framework\\src\\Illuminate\\Queue\\Worker.php(306): Illuminate\\Queue\\Worker->process(\'database\', Object(Illuminate\\Queue\\Jobs\\DatabaseJob), Object(Illuminate\\Queue\\WorkerOptions))\n#26 D:\\Duc\\sources\\laravel-core\\vendor\\laravel\\framework\\src\\Illuminate\\Queue\\Worker.php(265): Illuminate\\Queue\\Worker->runJob(Object(Illuminate\\Queue\\Jobs\\DatabaseJob), \'database\', Object(Illuminate\\Queue\\WorkerOptions))\n#27 D:\\Duc\\sources\\laravel-core\\vendor\\laravel\\framework\\src\\Illuminate\\Queue\\Console\\WorkCommand.php(112): Illuminate\\Queue\\Worker->runNextJob(\'database\', \'default\', Object(Illuminate\\Queue\\WorkerOptions))\n#28 D:\\Duc\\sources\\laravel-core\\vendor\\laravel\\framework\\src\\Illuminate\\Queue\\Console\\WorkCommand.php(96): Illuminate\\Queue\\Console\\WorkCommand->runWorker(\'database\', \'default\')\n#29 D:\\Duc\\sources\\laravel-core\\vendor\\laravel\\framework\\src\\Illuminate\\Container\\BoundMethod.php(36): Illuminate\\Queue\\Console\\WorkCommand->handle()\n#30 D:\\Duc\\sources\\laravel-core\\vendor\\laravel\\framework\\src\\Illuminate\\Container\\Util.php(37): Illuminate\\Container\\BoundMethod::Illuminate\\Container\\{closure}()\n#31 D:\\Duc\\sources\\laravel-core\\vendor\\laravel\\framework\\src\\Illuminate\\Container\\BoundMethod.php(93): Illuminate\\Container\\Util::unwrapIfClosure(Object(Closure))\n#32 D:\\Duc\\sources\\laravel-core\\vendor\\laravel\\framework\\src\\Illuminate\\Container\\BoundMethod.php(37): Illuminate\\Container\\BoundMethod::callBoundMethod(Object(Illuminate\\Foundation\\Application), Array, Object(Closure))\n#33 D:\\Duc\\sources\\laravel-core\\vendor\\laravel\\framework\\src\\Illuminate\\Container\\Container.php(596): Illuminate\\Container\\BoundMethod::call(Object(Illuminate\\Foundation\\Application), Array, Array, NULL)\n#34 D:\\Duc\\sources\\laravel-core\\vendor\\laravel\\framework\\src\\Illuminate\\Console\\Command.php(134): Illuminate\\Container\\Container->call(Array)\n#35 D:\\Duc\\sources\\laravel-core\\vendor\\symfony\\console\\Command\\Command.php(256): Illuminate\\Console\\Command->execute(Object(Symfony\\Component\\Console\\Input\\ArgvInput), Object(Illuminate\\Console\\OutputStyle))\n#36 D:\\Duc\\sources\\laravel-core\\vendor\\laravel\\framework\\src\\Illuminate\\Console\\Command.php(121): Symfony\\Component\\Console\\Command\\Command->run(Object(Symfony\\Component\\Console\\Input\\ArgvInput), Object(Illuminate\\Console\\OutputStyle))\n#37 D:\\Duc\\sources\\laravel-core\\vendor\\symfony\\console\\Application.php(971): Illuminate\\Console\\Command->run(Object(Symfony\\Component\\Console\\Input\\ArgvInput), Object(Symfony\\Component\\Console\\Output\\ConsoleOutput))\n#38 D:\\Duc\\sources\\laravel-core\\vendor\\symfony\\console\\Application.php(290): Symfony\\Component\\Console\\Application->doRunCommand(Object(Illuminate\\Queue\\Console\\WorkCommand), Object(Symfony\\Component\\Console\\Input\\ArgvInput), Object(Symfony\\Component\\Console\\Output\\ConsoleOutput))\n#39 D:\\Duc\\sources\\laravel-core\\vendor\\symfony\\console\\Application.php(166): Symfony\\Component\\Console\\Application->doRun(Object(Symfony\\Component\\Console\\Input\\ArgvInput), Object(Symfony\\Component\\Console\\Output\\ConsoleOutput))\n#40 D:\\Duc\\sources\\laravel-core\\vendor\\laravel\\framework\\src\\Illuminate\\Console\\Application.php(93): Symfony\\Component\\Console\\Application->run(Object(Symfony\\Component\\Console\\Input\\ArgvInput), Object(Symfony\\Component\\Console\\Output\\ConsoleOutput))\n#41 D:\\Duc\\sources\\laravel-core\\vendor\\laravel\\framework\\src\\Illuminate\\Foundation\\Console\\Kernel.php(129): Illuminate\\Console\\Application->run(Object(Symfony\\Component\\Console\\Input\\ArgvInput), Object(Symfony\\Component\\Console\\Output\\ConsoleOutput))\n#42 D:\\Duc\\sources\\laravel-core\\artisan(37): Illuminate\\Foundation\\Console\\Kernel->handle(Object(Symfony\\Component\\Console\\Input\\ArgvInput), Object(Symfony\\Component\\Console\\Output\\ConsoleOutput))\n#43 {main}', '2021-05-19 15:19:15');
INSERT INTO `failed_jobs` VALUES (11, 'database', 'default', '{\"uuid\":\"79169c04-2734-48dc-ab32-573e719df0a3\",\"displayName\":\"App\\\\Mail\\\\ForgotPassword\",\"job\":\"Illuminate\\\\Queue\\\\CallQueuedHandler@call\",\"maxTries\":null,\"maxExceptions\":null,\"delay\":null,\"timeout\":null,\"timeoutAt\":null,\"data\":{\"commandName\":\"Illuminate\\\\Mail\\\\SendQueuedMailable\",\"command\":\"O:34:\\\"Illuminate\\\\Mail\\\\SendQueuedMailable\\\":3:{s:8:\\\"mailable\\\";O:23:\\\"App\\\\Mail\\\\ForgotPassword\\\":26:{s:6:\\\"params\\\";a:1:{s:4:\\\"code\\\";i:595351;}s:6:\\\"locale\\\";N;s:4:\\\"from\\\";a:0:{}s:2:\\\"to\\\";a:1:{i:0;a:2:{s:4:\\\"name\\\";N;s:7:\\\"address\\\";s:17:\\\"thducit@gmail.com\\\";}}s:2:\\\"cc\\\";a:0:{}s:3:\\\"bcc\\\";a:0:{}s:7:\\\"replyTo\\\";a:0:{}s:7:\\\"subject\\\";N;s:11:\\\"\\u0000*\\u0000markdown\\\";N;s:7:\\\"\\u0000*\\u0000html\\\";N;s:4:\\\"view\\\";N;s:8:\\\"textView\\\";N;s:8:\\\"viewData\\\";a:0:{}s:11:\\\"attachments\\\";a:0:{}s:14:\\\"rawAttachments\\\";a:0:{}s:15:\\\"diskAttachments\\\";a:0:{}s:9:\\\"callbacks\\\";a:0:{}s:5:\\\"theme\\\";N;s:6:\\\"mailer\\\";s:4:\\\"smtp\\\";s:10:\\\"connection\\\";N;s:5:\\\"queue\\\";N;s:15:\\\"chainConnection\\\";N;s:10:\\\"chainQueue\\\";N;s:5:\\\"delay\\\";N;s:10:\\\"middleware\\\";a:0:{}s:7:\\\"chained\\\";a:0:{}}s:5:\\\"tries\\\";N;s:7:\\\"timeout\\\";N;}\"}}', 'Swift_TransportException: Failed to authenticate on SMTP server with username \"leeupwork1@gmail.com\" using 3 possible authenticators. Authenticator LOGIN returned Expected response code 235 but got code \"534\", with message \"534-5.7.9 Please log in with your web browser and then try again. Learn more at\r\n534 5.7.9  https://support.google.com/mail/?p=WebLoginRequired u12sm13648774pfh.122 - gsmtp\r\n\". Authenticator PLAIN returned Expected response code 235 but got code \"534\", with message \"534-5.7.9 Please log in with your web browser and then try again. Learn more at\r\n534 5.7.9  https://support.google.com/mail/?p=WebLoginRequired u12sm13648774pfh.122 - gsmtp\r\n\". Authenticator XOAUTH2 returned Expected response code 250 but got code \"535\", with message \"535-5.7.8 Username and Password not accepted. Learn more at\r\n535 5.7.8  https://support.google.com/mail/?p=BadCredentials u12sm13648774pfh.122 - gsmtp\r\n\". in D:\\Duc\\sources\\app-note-backend\\vendor\\swiftmailer\\swiftmailer\\lib\\classes\\Swift\\Transport\\Esmtp\\AuthHandler.php:191\nStack trace:\n#0 D:\\Duc\\sources\\app-note-backend\\vendor\\swiftmailer\\swiftmailer\\lib\\classes\\Swift\\Transport\\EsmtpTransport.php(371): Swift_Transport_Esmtp_AuthHandler->afterEhlo(Object(Swift_SmtpTransport))\n#1 D:\\Duc\\sources\\app-note-backend\\vendor\\swiftmailer\\swiftmailer\\lib\\classes\\Swift\\Transport\\AbstractSmtpTransport.php(148): Swift_Transport_EsmtpTransport->doHeloCommand()\n#2 D:\\Duc\\sources\\app-note-backend\\vendor\\swiftmailer\\swiftmailer\\lib\\classes\\Swift\\Mailer.php(65): Swift_Transport_AbstractSmtpTransport->start()\n#3 D:\\Duc\\sources\\app-note-backend\\vendor\\laravel\\framework\\src\\Illuminate\\Mail\\Mailer.php(521): Swift_Mailer->send(Object(Swift_Message), Array)\n#4 D:\\Duc\\sources\\app-note-backend\\vendor\\laravel\\framework\\src\\Illuminate\\Mail\\Mailer.php(288): Illuminate\\Mail\\Mailer->sendSwiftMessage(Object(Swift_Message))\n#5 D:\\Duc\\sources\\app-note-backend\\vendor\\laravel\\framework\\src\\Illuminate\\Mail\\Mailable.php(177): Illuminate\\Mail\\Mailer->send(Object(Illuminate\\Support\\HtmlString), Array, Object(Closure))\n#6 D:\\Duc\\sources\\app-note-backend\\vendor\\laravel\\framework\\src\\Illuminate\\Support\\Traits\\Localizable.php(19): Illuminate\\Mail\\Mailable->Illuminate\\Mail\\{closure}()\n#7 D:\\Duc\\sources\\app-note-backend\\vendor\\laravel\\framework\\src\\Illuminate\\Mail\\Mailable.php(178): Illuminate\\Mail\\Mailable->withLocale(NULL, Object(Closure))\n#8 D:\\Duc\\sources\\app-note-backend\\vendor\\laravel\\framework\\src\\Illuminate\\Mail\\SendQueuedMailable.php(52): Illuminate\\Mail\\Mailable->send(Object(Illuminate\\Mail\\MailManager))\n#9 D:\\Duc\\sources\\app-note-backend\\vendor\\laravel\\framework\\src\\Illuminate\\Container\\BoundMethod.php(36): Illuminate\\Mail\\SendQueuedMailable->handle(Object(Illuminate\\Mail\\MailManager))\n#10 D:\\Duc\\sources\\app-note-backend\\vendor\\laravel\\framework\\src\\Illuminate\\Container\\Util.php(37): Illuminate\\Container\\BoundMethod::Illuminate\\Container\\{closure}()\n#11 D:\\Duc\\sources\\app-note-backend\\vendor\\laravel\\framework\\src\\Illuminate\\Container\\BoundMethod.php(93): Illuminate\\Container\\Util::unwrapIfClosure(Object(Closure))\n#12 D:\\Duc\\sources\\app-note-backend\\vendor\\laravel\\framework\\src\\Illuminate\\Container\\BoundMethod.php(37): Illuminate\\Container\\BoundMethod::callBoundMethod(Object(Illuminate\\Foundation\\Application), Array, Object(Closure))\n#13 D:\\Duc\\sources\\app-note-backend\\vendor\\laravel\\framework\\src\\Illuminate\\Container\\Container.php(596): Illuminate\\Container\\BoundMethod::call(Object(Illuminate\\Foundation\\Application), Array, Array, NULL)\n#14 D:\\Duc\\sources\\app-note-backend\\vendor\\laravel\\framework\\src\\Illuminate\\Bus\\Dispatcher.php(94): Illuminate\\Container\\Container->call(Array)\n#15 D:\\Duc\\sources\\app-note-backend\\vendor\\laravel\\framework\\src\\Illuminate\\Pipeline\\Pipeline.php(128): Illuminate\\Bus\\Dispatcher->Illuminate\\Bus\\{closure}(Object(Illuminate\\Mail\\SendQueuedMailable))\n#16 D:\\Duc\\sources\\app-note-backend\\vendor\\laravel\\framework\\src\\Illuminate\\Pipeline\\Pipeline.php(103): Illuminate\\Pipeline\\Pipeline->Illuminate\\Pipeline\\{closure}(Object(Illuminate\\Mail\\SendQueuedMailable))\n#17 D:\\Duc\\sources\\app-note-backend\\vendor\\laravel\\framework\\src\\Illuminate\\Bus\\Dispatcher.php(98): Illuminate\\Pipeline\\Pipeline->then(Object(Closure))\n#18 D:\\Duc\\sources\\app-note-backend\\vendor\\laravel\\framework\\src\\Illuminate\\Queue\\CallQueuedHandler.php(83): Illuminate\\Bus\\Dispatcher->dispatchNow(Object(Illuminate\\Mail\\SendQueuedMailable), false)\n#19 D:\\Duc\\sources\\app-note-backend\\vendor\\laravel\\framework\\src\\Illuminate\\Pipeline\\Pipeline.php(128): Illuminate\\Queue\\CallQueuedHandler->Illuminate\\Queue\\{closure}(Object(Illuminate\\Mail\\SendQueuedMailable))\n#20 D:\\Duc\\sources\\app-note-backend\\vendor\\laravel\\framework\\src\\Illuminate\\Pipeline\\Pipeline.php(103): Illuminate\\Pipeline\\Pipeline->Illuminate\\Pipeline\\{closure}(Object(Illuminate\\Mail\\SendQueuedMailable))\n#21 D:\\Duc\\sources\\app-note-backend\\vendor\\laravel\\framework\\src\\Illuminate\\Queue\\CallQueuedHandler.php(85): Illuminate\\Pipeline\\Pipeline->then(Object(Closure))\n#22 D:\\Duc\\sources\\app-note-backend\\vendor\\laravel\\framework\\src\\Illuminate\\Queue\\CallQueuedHandler.php(59): Illuminate\\Queue\\CallQueuedHandler->dispatchThroughMiddleware(Object(Illuminate\\Queue\\Jobs\\DatabaseJob), Object(Illuminate\\Mail\\SendQueuedMailable))\n#23 D:\\Duc\\sources\\app-note-backend\\vendor\\laravel\\framework\\src\\Illuminate\\Queue\\Jobs\\Job.php(98): Illuminate\\Queue\\CallQueuedHandler->call(Object(Illuminate\\Queue\\Jobs\\DatabaseJob), Array)\n#24 D:\\Duc\\sources\\app-note-backend\\vendor\\laravel\\framework\\src\\Illuminate\\Queue\\Worker.php(356): Illuminate\\Queue\\Jobs\\Job->fire()\n#25 D:\\Duc\\sources\\app-note-backend\\vendor\\laravel\\framework\\src\\Illuminate\\Queue\\Worker.php(306): Illuminate\\Queue\\Worker->process(\'database\', Object(Illuminate\\Queue\\Jobs\\DatabaseJob), Object(Illuminate\\Queue\\WorkerOptions))\n#26 D:\\Duc\\sources\\app-note-backend\\vendor\\laravel\\framework\\src\\Illuminate\\Queue\\Worker.php(265): Illuminate\\Queue\\Worker->runJob(Object(Illuminate\\Queue\\Jobs\\DatabaseJob), \'database\', Object(Illuminate\\Queue\\WorkerOptions))\n#27 D:\\Duc\\sources\\app-note-backend\\vendor\\laravel\\framework\\src\\Illuminate\\Queue\\Console\\WorkCommand.php(112): Illuminate\\Queue\\Worker->runNextJob(\'database\', \'default\', Object(Illuminate\\Queue\\WorkerOptions))\n#28 D:\\Duc\\sources\\app-note-backend\\vendor\\laravel\\framework\\src\\Illuminate\\Queue\\Console\\WorkCommand.php(96): Illuminate\\Queue\\Console\\WorkCommand->runWorker(\'database\', \'default\')\n#29 D:\\Duc\\sources\\app-note-backend\\vendor\\laravel\\framework\\src\\Illuminate\\Container\\BoundMethod.php(36): Illuminate\\Queue\\Console\\WorkCommand->handle()\n#30 D:\\Duc\\sources\\app-note-backend\\vendor\\laravel\\framework\\src\\Illuminate\\Container\\Util.php(37): Illuminate\\Container\\BoundMethod::Illuminate\\Container\\{closure}()\n#31 D:\\Duc\\sources\\app-note-backend\\vendor\\laravel\\framework\\src\\Illuminate\\Container\\BoundMethod.php(93): Illuminate\\Container\\Util::unwrapIfClosure(Object(Closure))\n#32 D:\\Duc\\sources\\app-note-backend\\vendor\\laravel\\framework\\src\\Illuminate\\Container\\BoundMethod.php(37): Illuminate\\Container\\BoundMethod::callBoundMethod(Object(Illuminate\\Foundation\\Application), Array, Object(Closure))\n#33 D:\\Duc\\sources\\app-note-backend\\vendor\\laravel\\framework\\src\\Illuminate\\Container\\Container.php(596): Illuminate\\Container\\BoundMethod::call(Object(Illuminate\\Foundation\\Application), Array, Array, NULL)\n#34 D:\\Duc\\sources\\app-note-backend\\vendor\\laravel\\framework\\src\\Illuminate\\Console\\Command.php(134): Illuminate\\Container\\Container->call(Array)\n#35 D:\\Duc\\sources\\app-note-backend\\vendor\\symfony\\console\\Command\\Command.php(256): Illuminate\\Console\\Command->execute(Object(Symfony\\Component\\Console\\Input\\ArgvInput), Object(Illuminate\\Console\\OutputStyle))\n#36 D:\\Duc\\sources\\app-note-backend\\vendor\\laravel\\framework\\src\\Illuminate\\Console\\Command.php(121): Symfony\\Component\\Console\\Command\\Command->run(Object(Symfony\\Component\\Console\\Input\\ArgvInput), Object(Illuminate\\Console\\OutputStyle))\n#37 D:\\Duc\\sources\\app-note-backend\\vendor\\symfony\\console\\Application.php(971): Illuminate\\Console\\Command->run(Object(Symfony\\Component\\Console\\Input\\ArgvInput), Object(Symfony\\Component\\Console\\Output\\ConsoleOutput))\n#38 D:\\Duc\\sources\\app-note-backend\\vendor\\symfony\\console\\Application.php(290): Symfony\\Component\\Console\\Application->doRunCommand(Object(Illuminate\\Queue\\Console\\WorkCommand), Object(Symfony\\Component\\Console\\Input\\ArgvInput), Object(Symfony\\Component\\Console\\Output\\ConsoleOutput))\n#39 D:\\Duc\\sources\\app-note-backend\\vendor\\symfony\\console\\Application.php(166): Symfony\\Component\\Console\\Application->doRun(Object(Symfony\\Component\\Console\\Input\\ArgvInput), Object(Symfony\\Component\\Console\\Output\\ConsoleOutput))\n#40 D:\\Duc\\sources\\app-note-backend\\vendor\\laravel\\framework\\src\\Illuminate\\Console\\Application.php(93): Symfony\\Component\\Console\\Application->run(Object(Symfony\\Component\\Console\\Input\\ArgvInput), Object(Symfony\\Component\\Console\\Output\\ConsoleOutput))\n#41 D:\\Duc\\sources\\app-note-backend\\vendor\\laravel\\framework\\src\\Illuminate\\Foundation\\Console\\Kernel.php(129): Illuminate\\Console\\Application->run(Object(Symfony\\Component\\Console\\Input\\ArgvInput), Object(Symfony\\Component\\Console\\Output\\ConsoleOutput))\n#42 D:\\Duc\\sources\\app-note-backend\\artisan(37): Illuminate\\Foundation\\Console\\Kernel->handle(Object(Symfony\\Component\\Console\\Input\\ArgvInput), Object(Symfony\\Component\\Console\\Output\\ConsoleOutput))\n#43 {main}', '2021-05-19 16:29:24');
INSERT INTO `failed_jobs` VALUES (12, 'database', 'default', '{\"uuid\":\"3bed303d-1d8f-4c2d-881b-edea56b0ab09\",\"displayName\":\"App\\\\Mail\\\\ForgotPassword\",\"job\":\"Illuminate\\\\Queue\\\\CallQueuedHandler@call\",\"maxTries\":null,\"maxExceptions\":null,\"delay\":null,\"timeout\":null,\"timeoutAt\":null,\"data\":{\"commandName\":\"Illuminate\\\\Mail\\\\SendQueuedMailable\",\"command\":\"O:34:\\\"Illuminate\\\\Mail\\\\SendQueuedMailable\\\":3:{s:8:\\\"mailable\\\";O:23:\\\"App\\\\Mail\\\\ForgotPassword\\\":26:{s:6:\\\"params\\\";a:1:{s:4:\\\"code\\\";i:665941;}s:6:\\\"locale\\\";N;s:4:\\\"from\\\";a:0:{}s:2:\\\"to\\\";a:1:{i:0;a:2:{s:4:\\\"name\\\";N;s:7:\\\"address\\\";s:17:\\\"thducit@gmail.com\\\";}}s:2:\\\"cc\\\";a:0:{}s:3:\\\"bcc\\\";a:0:{}s:7:\\\"replyTo\\\";a:0:{}s:7:\\\"subject\\\";N;s:11:\\\"\\u0000*\\u0000markdown\\\";N;s:7:\\\"\\u0000*\\u0000html\\\";N;s:4:\\\"view\\\";N;s:8:\\\"textView\\\";N;s:8:\\\"viewData\\\";a:0:{}s:11:\\\"attachments\\\";a:0:{}s:14:\\\"rawAttachments\\\";a:0:{}s:15:\\\"diskAttachments\\\";a:0:{}s:9:\\\"callbacks\\\";a:0:{}s:5:\\\"theme\\\";N;s:6:\\\"mailer\\\";s:4:\\\"smtp\\\";s:10:\\\"connection\\\";N;s:5:\\\"queue\\\";N;s:15:\\\"chainConnection\\\";N;s:10:\\\"chainQueue\\\";N;s:5:\\\"delay\\\";N;s:10:\\\"middleware\\\";a:0:{}s:7:\\\"chained\\\";a:0:{}}s:5:\\\"tries\\\";N;s:7:\\\"timeout\\\";N;}\"}}', 'Swift_TransportException: Failed to authenticate on SMTP server with username \"leeupwork1@gmail.com\" using 3 possible authenticators. Authenticator LOGIN returned Expected response code 235 but got code \"534\", with message \"534-5.7.9 Please log in with your web browser and then try again. Learn more at\r\n534 5.7.9  https://support.google.com/mail/?p=WebLoginRequired a18sm15161653pgg.51 - gsmtp\r\n\". Authenticator PLAIN returned Expected response code 235 but got code \"534\", with message \"534-5.7.9 Please log in with your web browser and then try again. Learn more at\r\n534 5.7.9  https://support.google.com/mail/?p=WebLoginRequired a18sm15161653pgg.51 - gsmtp\r\n\". Authenticator XOAUTH2 returned Expected response code 250 but got code \"535\", with message \"535-5.7.8 Username and Password not accepted. Learn more at\r\n535 5.7.8  https://support.google.com/mail/?p=BadCredentials a18sm15161653pgg.51 - gsmtp\r\n\". in D:\\Duc\\sources\\app-note-backend\\vendor\\swiftmailer\\swiftmailer\\lib\\classes\\Swift\\Transport\\Esmtp\\AuthHandler.php:191\nStack trace:\n#0 D:\\Duc\\sources\\app-note-backend\\vendor\\swiftmailer\\swiftmailer\\lib\\classes\\Swift\\Transport\\EsmtpTransport.php(371): Swift_Transport_Esmtp_AuthHandler->afterEhlo(Object(Swift_SmtpTransport))\n#1 D:\\Duc\\sources\\app-note-backend\\vendor\\swiftmailer\\swiftmailer\\lib\\classes\\Swift\\Transport\\AbstractSmtpTransport.php(148): Swift_Transport_EsmtpTransport->doHeloCommand()\n#2 D:\\Duc\\sources\\app-note-backend\\vendor\\swiftmailer\\swiftmailer\\lib\\classes\\Swift\\Mailer.php(65): Swift_Transport_AbstractSmtpTransport->start()\n#3 D:\\Duc\\sources\\app-note-backend\\vendor\\laravel\\framework\\src\\Illuminate\\Mail\\Mailer.php(521): Swift_Mailer->send(Object(Swift_Message), Array)\n#4 D:\\Duc\\sources\\app-note-backend\\vendor\\laravel\\framework\\src\\Illuminate\\Mail\\Mailer.php(288): Illuminate\\Mail\\Mailer->sendSwiftMessage(Object(Swift_Message))\n#5 D:\\Duc\\sources\\app-note-backend\\vendor\\laravel\\framework\\src\\Illuminate\\Mail\\Mailable.php(177): Illuminate\\Mail\\Mailer->send(Object(Illuminate\\Support\\HtmlString), Array, Object(Closure))\n#6 D:\\Duc\\sources\\app-note-backend\\vendor\\laravel\\framework\\src\\Illuminate\\Support\\Traits\\Localizable.php(19): Illuminate\\Mail\\Mailable->Illuminate\\Mail\\{closure}()\n#7 D:\\Duc\\sources\\app-note-backend\\vendor\\laravel\\framework\\src\\Illuminate\\Mail\\Mailable.php(178): Illuminate\\Mail\\Mailable->withLocale(NULL, Object(Closure))\n#8 D:\\Duc\\sources\\app-note-backend\\vendor\\laravel\\framework\\src\\Illuminate\\Mail\\SendQueuedMailable.php(52): Illuminate\\Mail\\Mailable->send(Object(Illuminate\\Mail\\MailManager))\n#9 D:\\Duc\\sources\\app-note-backend\\vendor\\laravel\\framework\\src\\Illuminate\\Container\\BoundMethod.php(36): Illuminate\\Mail\\SendQueuedMailable->handle(Object(Illuminate\\Mail\\MailManager))\n#10 D:\\Duc\\sources\\app-note-backend\\vendor\\laravel\\framework\\src\\Illuminate\\Container\\Util.php(37): Illuminate\\Container\\BoundMethod::Illuminate\\Container\\{closure}()\n#11 D:\\Duc\\sources\\app-note-backend\\vendor\\laravel\\framework\\src\\Illuminate\\Container\\BoundMethod.php(93): Illuminate\\Container\\Util::unwrapIfClosure(Object(Closure))\n#12 D:\\Duc\\sources\\app-note-backend\\vendor\\laravel\\framework\\src\\Illuminate\\Container\\BoundMethod.php(37): Illuminate\\Container\\BoundMethod::callBoundMethod(Object(Illuminate\\Foundation\\Application), Array, Object(Closure))\n#13 D:\\Duc\\sources\\app-note-backend\\vendor\\laravel\\framework\\src\\Illuminate\\Container\\Container.php(596): Illuminate\\Container\\BoundMethod::call(Object(Illuminate\\Foundation\\Application), Array, Array, NULL)\n#14 D:\\Duc\\sources\\app-note-backend\\vendor\\laravel\\framework\\src\\Illuminate\\Bus\\Dispatcher.php(94): Illuminate\\Container\\Container->call(Array)\n#15 D:\\Duc\\sources\\app-note-backend\\vendor\\laravel\\framework\\src\\Illuminate\\Pipeline\\Pipeline.php(128): Illuminate\\Bus\\Dispatcher->Illuminate\\Bus\\{closure}(Object(Illuminate\\Mail\\SendQueuedMailable))\n#16 D:\\Duc\\sources\\app-note-backend\\vendor\\laravel\\framework\\src\\Illuminate\\Pipeline\\Pipeline.php(103): Illuminate\\Pipeline\\Pipeline->Illuminate\\Pipeline\\{closure}(Object(Illuminate\\Mail\\SendQueuedMailable))\n#17 D:\\Duc\\sources\\app-note-backend\\vendor\\laravel\\framework\\src\\Illuminate\\Bus\\Dispatcher.php(98): Illuminate\\Pipeline\\Pipeline->then(Object(Closure))\n#18 D:\\Duc\\sources\\app-note-backend\\vendor\\laravel\\framework\\src\\Illuminate\\Queue\\CallQueuedHandler.php(83): Illuminate\\Bus\\Dispatcher->dispatchNow(Object(Illuminate\\Mail\\SendQueuedMailable), false)\n#19 D:\\Duc\\sources\\app-note-backend\\vendor\\laravel\\framework\\src\\Illuminate\\Pipeline\\Pipeline.php(128): Illuminate\\Queue\\CallQueuedHandler->Illuminate\\Queue\\{closure}(Object(Illuminate\\Mail\\SendQueuedMailable))\n#20 D:\\Duc\\sources\\app-note-backend\\vendor\\laravel\\framework\\src\\Illuminate\\Pipeline\\Pipeline.php(103): Illuminate\\Pipeline\\Pipeline->Illuminate\\Pipeline\\{closure}(Object(Illuminate\\Mail\\SendQueuedMailable))\n#21 D:\\Duc\\sources\\app-note-backend\\vendor\\laravel\\framework\\src\\Illuminate\\Queue\\CallQueuedHandler.php(85): Illuminate\\Pipeline\\Pipeline->then(Object(Closure))\n#22 D:\\Duc\\sources\\app-note-backend\\vendor\\laravel\\framework\\src\\Illuminate\\Queue\\CallQueuedHandler.php(59): Illuminate\\Queue\\CallQueuedHandler->dispatchThroughMiddleware(Object(Illuminate\\Queue\\Jobs\\DatabaseJob), Object(Illuminate\\Mail\\SendQueuedMailable))\n#23 D:\\Duc\\sources\\app-note-backend\\vendor\\laravel\\framework\\src\\Illuminate\\Queue\\Jobs\\Job.php(98): Illuminate\\Queue\\CallQueuedHandler->call(Object(Illuminate\\Queue\\Jobs\\DatabaseJob), Array)\n#24 D:\\Duc\\sources\\app-note-backend\\vendor\\laravel\\framework\\src\\Illuminate\\Queue\\Worker.php(356): Illuminate\\Queue\\Jobs\\Job->fire()\n#25 D:\\Duc\\sources\\app-note-backend\\vendor\\laravel\\framework\\src\\Illuminate\\Queue\\Worker.php(306): Illuminate\\Queue\\Worker->process(\'database\', Object(Illuminate\\Queue\\Jobs\\DatabaseJob), Object(Illuminate\\Queue\\WorkerOptions))\n#26 D:\\Duc\\sources\\app-note-backend\\vendor\\laravel\\framework\\src\\Illuminate\\Queue\\Worker.php(265): Illuminate\\Queue\\Worker->runJob(Object(Illuminate\\Queue\\Jobs\\DatabaseJob), \'database\', Object(Illuminate\\Queue\\WorkerOptions))\n#27 D:\\Duc\\sources\\app-note-backend\\vendor\\laravel\\framework\\src\\Illuminate\\Queue\\Console\\WorkCommand.php(112): Illuminate\\Queue\\Worker->runNextJob(\'database\', \'default\', Object(Illuminate\\Queue\\WorkerOptions))\n#28 D:\\Duc\\sources\\app-note-backend\\vendor\\laravel\\framework\\src\\Illuminate\\Queue\\Console\\WorkCommand.php(96): Illuminate\\Queue\\Console\\WorkCommand->runWorker(\'database\', \'default\')\n#29 D:\\Duc\\sources\\app-note-backend\\vendor\\laravel\\framework\\src\\Illuminate\\Container\\BoundMethod.php(36): Illuminate\\Queue\\Console\\WorkCommand->handle()\n#30 D:\\Duc\\sources\\app-note-backend\\vendor\\laravel\\framework\\src\\Illuminate\\Container\\Util.php(37): Illuminate\\Container\\BoundMethod::Illuminate\\Container\\{closure}()\n#31 D:\\Duc\\sources\\app-note-backend\\vendor\\laravel\\framework\\src\\Illuminate\\Container\\BoundMethod.php(93): Illuminate\\Container\\Util::unwrapIfClosure(Object(Closure))\n#32 D:\\Duc\\sources\\app-note-backend\\vendor\\laravel\\framework\\src\\Illuminate\\Container\\BoundMethod.php(37): Illuminate\\Container\\BoundMethod::callBoundMethod(Object(Illuminate\\Foundation\\Application), Array, Object(Closure))\n#33 D:\\Duc\\sources\\app-note-backend\\vendor\\laravel\\framework\\src\\Illuminate\\Container\\Container.php(596): Illuminate\\Container\\BoundMethod::call(Object(Illuminate\\Foundation\\Application), Array, Array, NULL)\n#34 D:\\Duc\\sources\\app-note-backend\\vendor\\laravel\\framework\\src\\Illuminate\\Console\\Command.php(134): Illuminate\\Container\\Container->call(Array)\n#35 D:\\Duc\\sources\\app-note-backend\\vendor\\symfony\\console\\Command\\Command.php(256): Illuminate\\Console\\Command->execute(Object(Symfony\\Component\\Console\\Input\\ArgvInput), Object(Illuminate\\Console\\OutputStyle))\n#36 D:\\Duc\\sources\\app-note-backend\\vendor\\laravel\\framework\\src\\Illuminate\\Console\\Command.php(121): Symfony\\Component\\Console\\Command\\Command->run(Object(Symfony\\Component\\Console\\Input\\ArgvInput), Object(Illuminate\\Console\\OutputStyle))\n#37 D:\\Duc\\sources\\app-note-backend\\vendor\\symfony\\console\\Application.php(971): Illuminate\\Console\\Command->run(Object(Symfony\\Component\\Console\\Input\\ArgvInput), Object(Symfony\\Component\\Console\\Output\\ConsoleOutput))\n#38 D:\\Duc\\sources\\app-note-backend\\vendor\\symfony\\console\\Application.php(290): Symfony\\Component\\Console\\Application->doRunCommand(Object(Illuminate\\Queue\\Console\\WorkCommand), Object(Symfony\\Component\\Console\\Input\\ArgvInput), Object(Symfony\\Component\\Console\\Output\\ConsoleOutput))\n#39 D:\\Duc\\sources\\app-note-backend\\vendor\\symfony\\console\\Application.php(166): Symfony\\Component\\Console\\Application->doRun(Object(Symfony\\Component\\Console\\Input\\ArgvInput), Object(Symfony\\Component\\Console\\Output\\ConsoleOutput))\n#40 D:\\Duc\\sources\\app-note-backend\\vendor\\laravel\\framework\\src\\Illuminate\\Console\\Application.php(93): Symfony\\Component\\Console\\Application->run(Object(Symfony\\Component\\Console\\Input\\ArgvInput), Object(Symfony\\Component\\Console\\Output\\ConsoleOutput))\n#41 D:\\Duc\\sources\\app-note-backend\\vendor\\laravel\\framework\\src\\Illuminate\\Foundation\\Console\\Kernel.php(129): Illuminate\\Console\\Application->run(Object(Symfony\\Component\\Console\\Input\\ArgvInput), Object(Symfony\\Component\\Console\\Output\\ConsoleOutput))\n#42 D:\\Duc\\sources\\app-note-backend\\artisan(37): Illuminate\\Foundation\\Console\\Kernel->handle(Object(Symfony\\Component\\Console\\Input\\ArgvInput), Object(Symfony\\Component\\Console\\Output\\ConsoleOutput))\n#43 {main}', '2021-05-19 16:29:28');
INSERT INTO `failed_jobs` VALUES (13, 'database', 'default', '{\"uuid\":\"f2e6ac93-9e20-4263-8c4f-7f3b199ea1ee\",\"displayName\":\"App\\\\Mail\\\\ForgotPassword\",\"job\":\"Illuminate\\\\Queue\\\\CallQueuedHandler@call\",\"maxTries\":null,\"maxExceptions\":null,\"delay\":null,\"timeout\":null,\"timeoutAt\":null,\"data\":{\"commandName\":\"Illuminate\\\\Mail\\\\SendQueuedMailable\",\"command\":\"O:34:\\\"Illuminate\\\\Mail\\\\SendQueuedMailable\\\":3:{s:8:\\\"mailable\\\";O:23:\\\"App\\\\Mail\\\\ForgotPassword\\\":26:{s:6:\\\"params\\\";a:1:{s:4:\\\"code\\\";i:398336;}s:6:\\\"locale\\\";N;s:4:\\\"from\\\";a:0:{}s:2:\\\"to\\\";a:1:{i:0;a:2:{s:4:\\\"name\\\";N;s:7:\\\"address\\\";s:17:\\\"thducit@gmail.com\\\";}}s:2:\\\"cc\\\";a:0:{}s:3:\\\"bcc\\\";a:0:{}s:7:\\\"replyTo\\\";a:0:{}s:7:\\\"subject\\\";N;s:11:\\\"\\u0000*\\u0000markdown\\\";N;s:7:\\\"\\u0000*\\u0000html\\\";N;s:4:\\\"view\\\";N;s:8:\\\"textView\\\";N;s:8:\\\"viewData\\\";a:0:{}s:11:\\\"attachments\\\";a:0:{}s:14:\\\"rawAttachments\\\";a:0:{}s:15:\\\"diskAttachments\\\";a:0:{}s:9:\\\"callbacks\\\";a:0:{}s:5:\\\"theme\\\";N;s:6:\\\"mailer\\\";s:4:\\\"smtp\\\";s:10:\\\"connection\\\";N;s:5:\\\"queue\\\";N;s:15:\\\"chainConnection\\\";N;s:10:\\\"chainQueue\\\";N;s:5:\\\"delay\\\";N;s:10:\\\"middleware\\\";a:0:{}s:7:\\\"chained\\\";a:0:{}}s:5:\\\"tries\\\";N;s:7:\\\"timeout\\\";N;}\"}}', 'Swift_TransportException: Failed to authenticate on SMTP server with username \"leeupwork1@gmail.com\" using 3 possible authenticators. Authenticator LOGIN returned Expected response code 235 but got code \"534\", with message \"534-5.7.9 Please log in with your web browser and then try again. Learn more at\r\n534 5.7.9  https://support.google.com/mail/?p=WebLoginRequired 80sm15088032pgc.23 - gsmtp\r\n\". Authenticator PLAIN returned Expected response code 235 but got code \"534\", with message \"534-5.7.9 Please log in with your web browser and then try again. Learn more at\r\n534 5.7.9  https://support.google.com/mail/?p=WebLoginRequired 80sm15088032pgc.23 - gsmtp\r\n\". Authenticator XOAUTH2 returned Expected response code 250 but got code \"535\", with message \"535-5.7.8 Username and Password not accepted. Learn more at\r\n535 5.7.8  https://support.google.com/mail/?p=BadCredentials 80sm15088032pgc.23 - gsmtp\r\n\". in D:\\Duc\\sources\\app-note-backend\\vendor\\swiftmailer\\swiftmailer\\lib\\classes\\Swift\\Transport\\Esmtp\\AuthHandler.php:191\nStack trace:\n#0 D:\\Duc\\sources\\app-note-backend\\vendor\\swiftmailer\\swiftmailer\\lib\\classes\\Swift\\Transport\\EsmtpTransport.php(371): Swift_Transport_Esmtp_AuthHandler->afterEhlo(Object(Swift_SmtpTransport))\n#1 D:\\Duc\\sources\\app-note-backend\\vendor\\swiftmailer\\swiftmailer\\lib\\classes\\Swift\\Transport\\AbstractSmtpTransport.php(148): Swift_Transport_EsmtpTransport->doHeloCommand()\n#2 D:\\Duc\\sources\\app-note-backend\\vendor\\swiftmailer\\swiftmailer\\lib\\classes\\Swift\\Mailer.php(65): Swift_Transport_AbstractSmtpTransport->start()\n#3 D:\\Duc\\sources\\app-note-backend\\vendor\\laravel\\framework\\src\\Illuminate\\Mail\\Mailer.php(521): Swift_Mailer->send(Object(Swift_Message), Array)\n#4 D:\\Duc\\sources\\app-note-backend\\vendor\\laravel\\framework\\src\\Illuminate\\Mail\\Mailer.php(288): Illuminate\\Mail\\Mailer->sendSwiftMessage(Object(Swift_Message))\n#5 D:\\Duc\\sources\\app-note-backend\\vendor\\laravel\\framework\\src\\Illuminate\\Mail\\Mailable.php(177): Illuminate\\Mail\\Mailer->send(Object(Illuminate\\Support\\HtmlString), Array, Object(Closure))\n#6 D:\\Duc\\sources\\app-note-backend\\vendor\\laravel\\framework\\src\\Illuminate\\Support\\Traits\\Localizable.php(19): Illuminate\\Mail\\Mailable->Illuminate\\Mail\\{closure}()\n#7 D:\\Duc\\sources\\app-note-backend\\vendor\\laravel\\framework\\src\\Illuminate\\Mail\\Mailable.php(178): Illuminate\\Mail\\Mailable->withLocale(NULL, Object(Closure))\n#8 D:\\Duc\\sources\\app-note-backend\\vendor\\laravel\\framework\\src\\Illuminate\\Mail\\SendQueuedMailable.php(52): Illuminate\\Mail\\Mailable->send(Object(Illuminate\\Mail\\MailManager))\n#9 D:\\Duc\\sources\\app-note-backend\\vendor\\laravel\\framework\\src\\Illuminate\\Container\\BoundMethod.php(36): Illuminate\\Mail\\SendQueuedMailable->handle(Object(Illuminate\\Mail\\MailManager))\n#10 D:\\Duc\\sources\\app-note-backend\\vendor\\laravel\\framework\\src\\Illuminate\\Container\\Util.php(37): Illuminate\\Container\\BoundMethod::Illuminate\\Container\\{closure}()\n#11 D:\\Duc\\sources\\app-note-backend\\vendor\\laravel\\framework\\src\\Illuminate\\Container\\BoundMethod.php(93): Illuminate\\Container\\Util::unwrapIfClosure(Object(Closure))\n#12 D:\\Duc\\sources\\app-note-backend\\vendor\\laravel\\framework\\src\\Illuminate\\Container\\BoundMethod.php(37): Illuminate\\Container\\BoundMethod::callBoundMethod(Object(Illuminate\\Foundation\\Application), Array, Object(Closure))\n#13 D:\\Duc\\sources\\app-note-backend\\vendor\\laravel\\framework\\src\\Illuminate\\Container\\Container.php(596): Illuminate\\Container\\BoundMethod::call(Object(Illuminate\\Foundation\\Application), Array, Array, NULL)\n#14 D:\\Duc\\sources\\app-note-backend\\vendor\\laravel\\framework\\src\\Illuminate\\Bus\\Dispatcher.php(94): Illuminate\\Container\\Container->call(Array)\n#15 D:\\Duc\\sources\\app-note-backend\\vendor\\laravel\\framework\\src\\Illuminate\\Pipeline\\Pipeline.php(128): Illuminate\\Bus\\Dispatcher->Illuminate\\Bus\\{closure}(Object(Illuminate\\Mail\\SendQueuedMailable))\n#16 D:\\Duc\\sources\\app-note-backend\\vendor\\laravel\\framework\\src\\Illuminate\\Pipeline\\Pipeline.php(103): Illuminate\\Pipeline\\Pipeline->Illuminate\\Pipeline\\{closure}(Object(Illuminate\\Mail\\SendQueuedMailable))\n#17 D:\\Duc\\sources\\app-note-backend\\vendor\\laravel\\framework\\src\\Illuminate\\Bus\\Dispatcher.php(98): Illuminate\\Pipeline\\Pipeline->then(Object(Closure))\n#18 D:\\Duc\\sources\\app-note-backend\\vendor\\laravel\\framework\\src\\Illuminate\\Queue\\CallQueuedHandler.php(83): Illuminate\\Bus\\Dispatcher->dispatchNow(Object(Illuminate\\Mail\\SendQueuedMailable), false)\n#19 D:\\Duc\\sources\\app-note-backend\\vendor\\laravel\\framework\\src\\Illuminate\\Pipeline\\Pipeline.php(128): Illuminate\\Queue\\CallQueuedHandler->Illuminate\\Queue\\{closure}(Object(Illuminate\\Mail\\SendQueuedMailable))\n#20 D:\\Duc\\sources\\app-note-backend\\vendor\\laravel\\framework\\src\\Illuminate\\Pipeline\\Pipeline.php(103): Illuminate\\Pipeline\\Pipeline->Illuminate\\Pipeline\\{closure}(Object(Illuminate\\Mail\\SendQueuedMailable))\n#21 D:\\Duc\\sources\\app-note-backend\\vendor\\laravel\\framework\\src\\Illuminate\\Queue\\CallQueuedHandler.php(85): Illuminate\\Pipeline\\Pipeline->then(Object(Closure))\n#22 D:\\Duc\\sources\\app-note-backend\\vendor\\laravel\\framework\\src\\Illuminate\\Queue\\CallQueuedHandler.php(59): Illuminate\\Queue\\CallQueuedHandler->dispatchThroughMiddleware(Object(Illuminate\\Queue\\Jobs\\DatabaseJob), Object(Illuminate\\Mail\\SendQueuedMailable))\n#23 D:\\Duc\\sources\\app-note-backend\\vendor\\laravel\\framework\\src\\Illuminate\\Queue\\Jobs\\Job.php(98): Illuminate\\Queue\\CallQueuedHandler->call(Object(Illuminate\\Queue\\Jobs\\DatabaseJob), Array)\n#24 D:\\Duc\\sources\\app-note-backend\\vendor\\laravel\\framework\\src\\Illuminate\\Queue\\Worker.php(356): Illuminate\\Queue\\Jobs\\Job->fire()\n#25 D:\\Duc\\sources\\app-note-backend\\vendor\\laravel\\framework\\src\\Illuminate\\Queue\\Worker.php(306): Illuminate\\Queue\\Worker->process(\'database\', Object(Illuminate\\Queue\\Jobs\\DatabaseJob), Object(Illuminate\\Queue\\WorkerOptions))\n#26 D:\\Duc\\sources\\app-note-backend\\vendor\\laravel\\framework\\src\\Illuminate\\Queue\\Worker.php(265): Illuminate\\Queue\\Worker->runJob(Object(Illuminate\\Queue\\Jobs\\DatabaseJob), \'database\', Object(Illuminate\\Queue\\WorkerOptions))\n#27 D:\\Duc\\sources\\app-note-backend\\vendor\\laravel\\framework\\src\\Illuminate\\Queue\\Console\\WorkCommand.php(112): Illuminate\\Queue\\Worker->runNextJob(\'database\', \'default\', Object(Illuminate\\Queue\\WorkerOptions))\n#28 D:\\Duc\\sources\\app-note-backend\\vendor\\laravel\\framework\\src\\Illuminate\\Queue\\Console\\WorkCommand.php(96): Illuminate\\Queue\\Console\\WorkCommand->runWorker(\'database\', \'default\')\n#29 D:\\Duc\\sources\\app-note-backend\\vendor\\laravel\\framework\\src\\Illuminate\\Container\\BoundMethod.php(36): Illuminate\\Queue\\Console\\WorkCommand->handle()\n#30 D:\\Duc\\sources\\app-note-backend\\vendor\\laravel\\framework\\src\\Illuminate\\Container\\Util.php(37): Illuminate\\Container\\BoundMethod::Illuminate\\Container\\{closure}()\n#31 D:\\Duc\\sources\\app-note-backend\\vendor\\laravel\\framework\\src\\Illuminate\\Container\\BoundMethod.php(93): Illuminate\\Container\\Util::unwrapIfClosure(Object(Closure))\n#32 D:\\Duc\\sources\\app-note-backend\\vendor\\laravel\\framework\\src\\Illuminate\\Container\\BoundMethod.php(37): Illuminate\\Container\\BoundMethod::callBoundMethod(Object(Illuminate\\Foundation\\Application), Array, Object(Closure))\n#33 D:\\Duc\\sources\\app-note-backend\\vendor\\laravel\\framework\\src\\Illuminate\\Container\\Container.php(596): Illuminate\\Container\\BoundMethod::call(Object(Illuminate\\Foundation\\Application), Array, Array, NULL)\n#34 D:\\Duc\\sources\\app-note-backend\\vendor\\laravel\\framework\\src\\Illuminate\\Console\\Command.php(134): Illuminate\\Container\\Container->call(Array)\n#35 D:\\Duc\\sources\\app-note-backend\\vendor\\symfony\\console\\Command\\Command.php(256): Illuminate\\Console\\Command->execute(Object(Symfony\\Component\\Console\\Input\\ArgvInput), Object(Illuminate\\Console\\OutputStyle))\n#36 D:\\Duc\\sources\\app-note-backend\\vendor\\laravel\\framework\\src\\Illuminate\\Console\\Command.php(121): Symfony\\Component\\Console\\Command\\Command->run(Object(Symfony\\Component\\Console\\Input\\ArgvInput), Object(Illuminate\\Console\\OutputStyle))\n#37 D:\\Duc\\sources\\app-note-backend\\vendor\\symfony\\console\\Application.php(971): Illuminate\\Console\\Command->run(Object(Symfony\\Component\\Console\\Input\\ArgvInput), Object(Symfony\\Component\\Console\\Output\\ConsoleOutput))\n#38 D:\\Duc\\sources\\app-note-backend\\vendor\\symfony\\console\\Application.php(290): Symfony\\Component\\Console\\Application->doRunCommand(Object(Illuminate\\Queue\\Console\\WorkCommand), Object(Symfony\\Component\\Console\\Input\\ArgvInput), Object(Symfony\\Component\\Console\\Output\\ConsoleOutput))\n#39 D:\\Duc\\sources\\app-note-backend\\vendor\\symfony\\console\\Application.php(166): Symfony\\Component\\Console\\Application->doRun(Object(Symfony\\Component\\Console\\Input\\ArgvInput), Object(Symfony\\Component\\Console\\Output\\ConsoleOutput))\n#40 D:\\Duc\\sources\\app-note-backend\\vendor\\laravel\\framework\\src\\Illuminate\\Console\\Application.php(93): Symfony\\Component\\Console\\Application->run(Object(Symfony\\Component\\Console\\Input\\ArgvInput), Object(Symfony\\Component\\Console\\Output\\ConsoleOutput))\n#41 D:\\Duc\\sources\\app-note-backend\\vendor\\laravel\\framework\\src\\Illuminate\\Foundation\\Console\\Kernel.php(129): Illuminate\\Console\\Application->run(Object(Symfony\\Component\\Console\\Input\\ArgvInput), Object(Symfony\\Component\\Console\\Output\\ConsoleOutput))\n#42 D:\\Duc\\sources\\app-note-backend\\artisan(37): Illuminate\\Foundation\\Console\\Kernel->handle(Object(Symfony\\Component\\Console\\Input\\ArgvInput), Object(Symfony\\Component\\Console\\Output\\ConsoleOutput))\n#43 {main}', '2021-05-19 16:29:31');
INSERT INTO `failed_jobs` VALUES (14, 'database', 'default', '{\"uuid\":\"df231a2e-b3c8-4a31-a586-7a9d7b704a6a\",\"displayName\":\"App\\\\Mail\\\\ForgotPassword\",\"job\":\"Illuminate\\\\Queue\\\\CallQueuedHandler@call\",\"maxTries\":null,\"maxExceptions\":null,\"delay\":null,\"timeout\":null,\"timeoutAt\":null,\"data\":{\"commandName\":\"Illuminate\\\\Mail\\\\SendQueuedMailable\",\"command\":\"O:34:\\\"Illuminate\\\\Mail\\\\SendQueuedMailable\\\":3:{s:8:\\\"mailable\\\";O:23:\\\"App\\\\Mail\\\\ForgotPassword\\\":26:{s:6:\\\"params\\\";a:1:{s:4:\\\"code\\\";i:294861;}s:6:\\\"locale\\\";N;s:4:\\\"from\\\";a:0:{}s:2:\\\"to\\\";a:1:{i:0;a:2:{s:4:\\\"name\\\";N;s:7:\\\"address\\\";s:17:\\\"thducit@gmail.com\\\";}}s:2:\\\"cc\\\";a:0:{}s:3:\\\"bcc\\\";a:0:{}s:7:\\\"replyTo\\\";a:0:{}s:7:\\\"subject\\\";N;s:11:\\\"\\u0000*\\u0000markdown\\\";N;s:7:\\\"\\u0000*\\u0000html\\\";N;s:4:\\\"view\\\";N;s:8:\\\"textView\\\";N;s:8:\\\"viewData\\\";a:0:{}s:11:\\\"attachments\\\";a:0:{}s:14:\\\"rawAttachments\\\";a:0:{}s:15:\\\"diskAttachments\\\";a:0:{}s:9:\\\"callbacks\\\";a:0:{}s:5:\\\"theme\\\";N;s:6:\\\"mailer\\\";s:4:\\\"smtp\\\";s:10:\\\"connection\\\";N;s:5:\\\"queue\\\";N;s:15:\\\"chainConnection\\\";N;s:10:\\\"chainQueue\\\";N;s:5:\\\"delay\\\";N;s:10:\\\"middleware\\\";a:0:{}s:7:\\\"chained\\\";a:0:{}}s:5:\\\"tries\\\";N;s:7:\\\"timeout\\\";N;}\"}}', 'Swift_TransportException: Failed to authenticate on SMTP server with username \"leeupwork1@gmail.com\" using 3 possible authenticators. Authenticator LOGIN returned Expected response code 235 but got code \"534\", with message \"534-5.7.9 Please log in with your web browser and then try again. Learn more at\r\n534 5.7.9  https://support.google.com/mail/?p=WebLoginRequired x9sm14419485pfd.66 - gsmtp\r\n\". Authenticator PLAIN returned Expected response code 235 but got code \"534\", with message \"534-5.7.9 Please log in with your web browser and then try again. Learn more at\r\n534 5.7.9  https://support.google.com/mail/?p=WebLoginRequired x9sm14419485pfd.66 - gsmtp\r\n\". Authenticator XOAUTH2 returned Expected response code 250 but got code \"535\", with message \"535-5.7.8 Username and Password not accepted. Learn more at\r\n535 5.7.8  https://support.google.com/mail/?p=BadCredentials x9sm14419485pfd.66 - gsmtp\r\n\". in D:\\Duc\\sources\\app-note-backend\\vendor\\swiftmailer\\swiftmailer\\lib\\classes\\Swift\\Transport\\Esmtp\\AuthHandler.php:191\nStack trace:\n#0 D:\\Duc\\sources\\app-note-backend\\vendor\\swiftmailer\\swiftmailer\\lib\\classes\\Swift\\Transport\\EsmtpTransport.php(371): Swift_Transport_Esmtp_AuthHandler->afterEhlo(Object(Swift_SmtpTransport))\n#1 D:\\Duc\\sources\\app-note-backend\\vendor\\swiftmailer\\swiftmailer\\lib\\classes\\Swift\\Transport\\AbstractSmtpTransport.php(148): Swift_Transport_EsmtpTransport->doHeloCommand()\n#2 D:\\Duc\\sources\\app-note-backend\\vendor\\swiftmailer\\swiftmailer\\lib\\classes\\Swift\\Mailer.php(65): Swift_Transport_AbstractSmtpTransport->start()\n#3 D:\\Duc\\sources\\app-note-backend\\vendor\\laravel\\framework\\src\\Illuminate\\Mail\\Mailer.php(521): Swift_Mailer->send(Object(Swift_Message), Array)\n#4 D:\\Duc\\sources\\app-note-backend\\vendor\\laravel\\framework\\src\\Illuminate\\Mail\\Mailer.php(288): Illuminate\\Mail\\Mailer->sendSwiftMessage(Object(Swift_Message))\n#5 D:\\Duc\\sources\\app-note-backend\\vendor\\laravel\\framework\\src\\Illuminate\\Mail\\Mailable.php(177): Illuminate\\Mail\\Mailer->send(Object(Illuminate\\Support\\HtmlString), Array, Object(Closure))\n#6 D:\\Duc\\sources\\app-note-backend\\vendor\\laravel\\framework\\src\\Illuminate\\Support\\Traits\\Localizable.php(19): Illuminate\\Mail\\Mailable->Illuminate\\Mail\\{closure}()\n#7 D:\\Duc\\sources\\app-note-backend\\vendor\\laravel\\framework\\src\\Illuminate\\Mail\\Mailable.php(178): Illuminate\\Mail\\Mailable->withLocale(NULL, Object(Closure))\n#8 D:\\Duc\\sources\\app-note-backend\\vendor\\laravel\\framework\\src\\Illuminate\\Mail\\SendQueuedMailable.php(52): Illuminate\\Mail\\Mailable->send(Object(Illuminate\\Mail\\MailManager))\n#9 D:\\Duc\\sources\\app-note-backend\\vendor\\laravel\\framework\\src\\Illuminate\\Container\\BoundMethod.php(36): Illuminate\\Mail\\SendQueuedMailable->handle(Object(Illuminate\\Mail\\MailManager))\n#10 D:\\Duc\\sources\\app-note-backend\\vendor\\laravel\\framework\\src\\Illuminate\\Container\\Util.php(37): Illuminate\\Container\\BoundMethod::Illuminate\\Container\\{closure}()\n#11 D:\\Duc\\sources\\app-note-backend\\vendor\\laravel\\framework\\src\\Illuminate\\Container\\BoundMethod.php(93): Illuminate\\Container\\Util::unwrapIfClosure(Object(Closure))\n#12 D:\\Duc\\sources\\app-note-backend\\vendor\\laravel\\framework\\src\\Illuminate\\Container\\BoundMethod.php(37): Illuminate\\Container\\BoundMethod::callBoundMethod(Object(Illuminate\\Foundation\\Application), Array, Object(Closure))\n#13 D:\\Duc\\sources\\app-note-backend\\vendor\\laravel\\framework\\src\\Illuminate\\Container\\Container.php(596): Illuminate\\Container\\BoundMethod::call(Object(Illuminate\\Foundation\\Application), Array, Array, NULL)\n#14 D:\\Duc\\sources\\app-note-backend\\vendor\\laravel\\framework\\src\\Illuminate\\Bus\\Dispatcher.php(94): Illuminate\\Container\\Container->call(Array)\n#15 D:\\Duc\\sources\\app-note-backend\\vendor\\laravel\\framework\\src\\Illuminate\\Pipeline\\Pipeline.php(128): Illuminate\\Bus\\Dispatcher->Illuminate\\Bus\\{closure}(Object(Illuminate\\Mail\\SendQueuedMailable))\n#16 D:\\Duc\\sources\\app-note-backend\\vendor\\laravel\\framework\\src\\Illuminate\\Pipeline\\Pipeline.php(103): Illuminate\\Pipeline\\Pipeline->Illuminate\\Pipeline\\{closure}(Object(Illuminate\\Mail\\SendQueuedMailable))\n#17 D:\\Duc\\sources\\app-note-backend\\vendor\\laravel\\framework\\src\\Illuminate\\Bus\\Dispatcher.php(98): Illuminate\\Pipeline\\Pipeline->then(Object(Closure))\n#18 D:\\Duc\\sources\\app-note-backend\\vendor\\laravel\\framework\\src\\Illuminate\\Queue\\CallQueuedHandler.php(83): Illuminate\\Bus\\Dispatcher->dispatchNow(Object(Illuminate\\Mail\\SendQueuedMailable), false)\n#19 D:\\Duc\\sources\\app-note-backend\\vendor\\laravel\\framework\\src\\Illuminate\\Pipeline\\Pipeline.php(128): Illuminate\\Queue\\CallQueuedHandler->Illuminate\\Queue\\{closure}(Object(Illuminate\\Mail\\SendQueuedMailable))\n#20 D:\\Duc\\sources\\app-note-backend\\vendor\\laravel\\framework\\src\\Illuminate\\Pipeline\\Pipeline.php(103): Illuminate\\Pipeline\\Pipeline->Illuminate\\Pipeline\\{closure}(Object(Illuminate\\Mail\\SendQueuedMailable))\n#21 D:\\Duc\\sources\\app-note-backend\\vendor\\laravel\\framework\\src\\Illuminate\\Queue\\CallQueuedHandler.php(85): Illuminate\\Pipeline\\Pipeline->then(Object(Closure))\n#22 D:\\Duc\\sources\\app-note-backend\\vendor\\laravel\\framework\\src\\Illuminate\\Queue\\CallQueuedHandler.php(59): Illuminate\\Queue\\CallQueuedHandler->dispatchThroughMiddleware(Object(Illuminate\\Queue\\Jobs\\DatabaseJob), Object(Illuminate\\Mail\\SendQueuedMailable))\n#23 D:\\Duc\\sources\\app-note-backend\\vendor\\laravel\\framework\\src\\Illuminate\\Queue\\Jobs\\Job.php(98): Illuminate\\Queue\\CallQueuedHandler->call(Object(Illuminate\\Queue\\Jobs\\DatabaseJob), Array)\n#24 D:\\Duc\\sources\\app-note-backend\\vendor\\laravel\\framework\\src\\Illuminate\\Queue\\Worker.php(356): Illuminate\\Queue\\Jobs\\Job->fire()\n#25 D:\\Duc\\sources\\app-note-backend\\vendor\\laravel\\framework\\src\\Illuminate\\Queue\\Worker.php(306): Illuminate\\Queue\\Worker->process(\'database\', Object(Illuminate\\Queue\\Jobs\\DatabaseJob), Object(Illuminate\\Queue\\WorkerOptions))\n#26 D:\\Duc\\sources\\app-note-backend\\vendor\\laravel\\framework\\src\\Illuminate\\Queue\\Worker.php(265): Illuminate\\Queue\\Worker->runJob(Object(Illuminate\\Queue\\Jobs\\DatabaseJob), \'database\', Object(Illuminate\\Queue\\WorkerOptions))\n#27 D:\\Duc\\sources\\app-note-backend\\vendor\\laravel\\framework\\src\\Illuminate\\Queue\\Console\\WorkCommand.php(112): Illuminate\\Queue\\Worker->runNextJob(\'database\', \'default\', Object(Illuminate\\Queue\\WorkerOptions))\n#28 D:\\Duc\\sources\\app-note-backend\\vendor\\laravel\\framework\\src\\Illuminate\\Queue\\Console\\WorkCommand.php(96): Illuminate\\Queue\\Console\\WorkCommand->runWorker(\'database\', \'default\')\n#29 D:\\Duc\\sources\\app-note-backend\\vendor\\laravel\\framework\\src\\Illuminate\\Container\\BoundMethod.php(36): Illuminate\\Queue\\Console\\WorkCommand->handle()\n#30 D:\\Duc\\sources\\app-note-backend\\vendor\\laravel\\framework\\src\\Illuminate\\Container\\Util.php(37): Illuminate\\Container\\BoundMethod::Illuminate\\Container\\{closure}()\n#31 D:\\Duc\\sources\\app-note-backend\\vendor\\laravel\\framework\\src\\Illuminate\\Container\\BoundMethod.php(93): Illuminate\\Container\\Util::unwrapIfClosure(Object(Closure))\n#32 D:\\Duc\\sources\\app-note-backend\\vendor\\laravel\\framework\\src\\Illuminate\\Container\\BoundMethod.php(37): Illuminate\\Container\\BoundMethod::callBoundMethod(Object(Illuminate\\Foundation\\Application), Array, Object(Closure))\n#33 D:\\Duc\\sources\\app-note-backend\\vendor\\laravel\\framework\\src\\Illuminate\\Container\\Container.php(596): Illuminate\\Container\\BoundMethod::call(Object(Illuminate\\Foundation\\Application), Array, Array, NULL)\n#34 D:\\Duc\\sources\\app-note-backend\\vendor\\laravel\\framework\\src\\Illuminate\\Console\\Command.php(134): Illuminate\\Container\\Container->call(Array)\n#35 D:\\Duc\\sources\\app-note-backend\\vendor\\symfony\\console\\Command\\Command.php(256): Illuminate\\Console\\Command->execute(Object(Symfony\\Component\\Console\\Input\\ArgvInput), Object(Illuminate\\Console\\OutputStyle))\n#36 D:\\Duc\\sources\\app-note-backend\\vendor\\laravel\\framework\\src\\Illuminate\\Console\\Command.php(121): Symfony\\Component\\Console\\Command\\Command->run(Object(Symfony\\Component\\Console\\Input\\ArgvInput), Object(Illuminate\\Console\\OutputStyle))\n#37 D:\\Duc\\sources\\app-note-backend\\vendor\\symfony\\console\\Application.php(971): Illuminate\\Console\\Command->run(Object(Symfony\\Component\\Console\\Input\\ArgvInput), Object(Symfony\\Component\\Console\\Output\\ConsoleOutput))\n#38 D:\\Duc\\sources\\app-note-backend\\vendor\\symfony\\console\\Application.php(290): Symfony\\Component\\Console\\Application->doRunCommand(Object(Illuminate\\Queue\\Console\\WorkCommand), Object(Symfony\\Component\\Console\\Input\\ArgvInput), Object(Symfony\\Component\\Console\\Output\\ConsoleOutput))\n#39 D:\\Duc\\sources\\app-note-backend\\vendor\\symfony\\console\\Application.php(166): Symfony\\Component\\Console\\Application->doRun(Object(Symfony\\Component\\Console\\Input\\ArgvInput), Object(Symfony\\Component\\Console\\Output\\ConsoleOutput))\n#40 D:\\Duc\\sources\\app-note-backend\\vendor\\laravel\\framework\\src\\Illuminate\\Console\\Application.php(93): Symfony\\Component\\Console\\Application->run(Object(Symfony\\Component\\Console\\Input\\ArgvInput), Object(Symfony\\Component\\Console\\Output\\ConsoleOutput))\n#41 D:\\Duc\\sources\\app-note-backend\\vendor\\laravel\\framework\\src\\Illuminate\\Foundation\\Console\\Kernel.php(129): Illuminate\\Console\\Application->run(Object(Symfony\\Component\\Console\\Input\\ArgvInput), Object(Symfony\\Component\\Console\\Output\\ConsoleOutput))\n#42 D:\\Duc\\sources\\app-note-backend\\artisan(37): Illuminate\\Foundation\\Console\\Kernel->handle(Object(Symfony\\Component\\Console\\Input\\ArgvInput), Object(Symfony\\Component\\Console\\Output\\ConsoleOutput))\n#43 {main}', '2021-05-19 16:29:34');

-- ----------------------------
-- Table structure for jobs
-- ----------------------------
DROP TABLE IF EXISTS `jobs`;
CREATE TABLE `jobs`  (
  `id` bigint(20) UNSIGNED NOT NULL AUTO_INCREMENT,
  `queue` varchar(255) CHARACTER SET utf8mb4 COLLATE utf8mb4_unicode_ci NOT NULL,
  `payload` longtext CHARACTER SET utf8mb4 COLLATE utf8mb4_unicode_ci NOT NULL,
  `attempts` tinyint(3) UNSIGNED NOT NULL,
  `reserved_at` int(10) UNSIGNED NULL DEFAULT NULL,
  `available_at` int(10) UNSIGNED NOT NULL,
  `created_at` int(10) UNSIGNED NOT NULL,
  PRIMARY KEY (`id`) USING BTREE,
  INDEX `jobs_queue_index`(`queue`) USING BTREE
) ENGINE = InnoDB AUTO_INCREMENT = 1 CHARACTER SET = utf8mb4 COLLATE = utf8mb4_unicode_ci ROW_FORMAT = Dynamic;

-- ----------------------------
-- Table structure for migrations
-- ----------------------------
DROP TABLE IF EXISTS `migrations`;
CREATE TABLE `migrations`  (
  `id` int(10) UNSIGNED NOT NULL AUTO_INCREMENT,
  `migration` varchar(255) CHARACTER SET utf8mb4 COLLATE utf8mb4_unicode_ci NOT NULL,
  `batch` int(11) NOT NULL,
  PRIMARY KEY (`id`) USING BTREE
) ENGINE = InnoDB AUTO_INCREMENT = 39 CHARACTER SET = utf8mb4 COLLATE = utf8mb4_unicode_ci ROW_FORMAT = Dynamic;

-- ----------------------------
-- Records of migrations
-- ----------------------------
INSERT INTO `migrations` VALUES (8, '2014_10_12_000000_create_users_table', 1);
INSERT INTO `migrations` VALUES (9, '2014_10_12_100000_create_password_resets_table', 1);
INSERT INTO `migrations` VALUES (10, '2019_08_19_000000_create_failed_jobs_table', 1);
INSERT INTO `migrations` VALUES (11, '2020_12_02_175256_create_device_tokens_table', 1);
INSERT INTO `migrations` VALUES (14, '2020_12_07_154217_create_jobs_table', 2);
INSERT INTO `migrations` VALUES (15, '2021_05_19_115642_create_user_forgot_passwords_table', 2);
INSERT INTO `migrations` VALUES (17, '2021_05_19_155930_create_configs_table', 3);
INSERT INTO `migrations` VALUES (18, '2021_05_19_164103_create_shops_table', 4);
INSERT INTO `migrations` VALUES (28, '2021_05_19_175846_create_products_table', 5);
INSERT INTO `migrations` VALUES (35, '2021_05_20_161356_create_orders_table', 6);
INSERT INTO `migrations` VALUES (36, '2021_05_20_162547_create_order_products_table', 6);
INSERT INTO `migrations` VALUES (37, '2021_05_25_150232_create_admins_table', 7);
INSERT INTO `migrations` VALUES (38, '2021_05_27_115742_add_code_to_order_table', 8);

-- ----------------------------
-- Table structure for order_products
-- ----------------------------
DROP TABLE IF EXISTS `order_products`;
CREATE TABLE `order_products`  (
  `id` char(36) CHARACTER SET utf8mb4 COLLATE utf8mb4_unicode_ci NOT NULL,
  `product_price` decimal(15, 2) NOT NULL DEFAULT 0.00,
  `product_name` varchar(255) CHARACTER SET utf8mb4 COLLATE utf8mb4_unicode_ci NOT NULL,
  `quantity` int(11) NOT NULL,
  `total` decimal(15, 2) NULL DEFAULT NULL,
  `product_id` char(36) CHARACTER SET utf8mb4 COLLATE utf8mb4_unicode_ci NOT NULL,
  `order_id` char(36) CHARACTER SET utf8mb4 COLLATE utf8mb4_unicode_ci NOT NULL,
  `created_at` timestamp(0) NULL DEFAULT NULL,
  `updated_at` timestamp(0) NULL DEFAULT NULL,
  `deleted_at` timestamp(0) NULL DEFAULT NULL,
  PRIMARY KEY (`id`) USING BTREE,
  INDEX `order_products_product_id_foreign`(`product_id`) USING BTREE,
  INDEX `order_products_order_id_foreign`(`order_id`) USING BTREE,
  CONSTRAINT `order_products_order_id_foreign` FOREIGN KEY (`order_id`) REFERENCES `orders` (`id`) ON DELETE CASCADE ON UPDATE CASCADE,
  CONSTRAINT `order_products_product_id_foreign` FOREIGN KEY (`product_id`) REFERENCES `products` (`id`) ON DELETE CASCADE ON UPDATE CASCADE
) ENGINE = InnoDB CHARACTER SET = utf8mb4 COLLATE = utf8mb4_unicode_ci ROW_FORMAT = Dynamic;

-- ----------------------------
-- Records of order_products
-- ----------------------------
INSERT INTO `order_products` VALUES ('937b97bd-2176-434d-9864-6f1eaf282c3e', 20000.00, 'Cua đồng', 1, 20000.00, 'd528637f-38d2-4379-826f-e8b83b3245fa', 'e632ab42-57ba-403c-954e-16ee4282d4f0', NULL, NULL, NULL);
INSERT INTO `order_products` VALUES ('937b97bd-2277-47ac-b33c-4b5c17703499', 1900000.00, 'Cua Hoàng Đế', 2, 3800000.00, 'eb51fe83-873e-4e47-ba30-fd988d8ea639', 'e632ab42-57ba-403c-954e-16ee4282d4f0', NULL, NULL, NULL);
INSERT INTO `order_products` VALUES ('937b97d5-e5cc-4c71-9a9f-d076fffbe0d2', 20000.00, 'Cua đồng', 1, 20000.00, 'd528637f-38d2-4379-826f-e8b83b3245fa', 'b9b1173b-b9c3-4f15-a4a2-b69cd1f50db7', NULL, NULL, NULL);
INSERT INTO `order_products` VALUES ('937b97d5-e6fe-4d8e-b1e9-290e35ef0dbd', 1900000.00, 'Cua Hoàng Đế', 2, 3800000.00, 'eb51fe83-873e-4e47-ba30-fd988d8ea639', 'b9b1173b-b9c3-4f15-a4a2-b69cd1f50db7', NULL, NULL, NULL);
INSERT INTO `order_products` VALUES ('9387b602-26b9-4f76-9d78-bf138a45fc81', 20000.00, 'Cua đồng', 1, 20000.00, 'd528637f-38d2-4379-826f-e8b83b3245fa', '136660b5-07d5-4027-b2c7-cb13df49a906', NULL, NULL, NULL);
INSERT INTO `order_products` VALUES ('9387b602-2be9-4697-972a-a235549edca4', 11.00, 'Cua Hoàng Đế', 2, 22.00, 'eb51fe83-873e-4e47-ba30-fd988d8ea639', '136660b5-07d5-4027-b2c7-cb13df49a906', NULL, NULL, NULL);
INSERT INTO `order_products` VALUES ('9387b667-b56f-45b8-b36a-e1999f303c82', 20000.00, 'Cua đồng', 1, 20000.00, 'd528637f-38d2-4379-826f-e8b83b3245fa', '67956404-2535-44f7-88ab-c418819cd34e', NULL, NULL, NULL);
INSERT INTO `order_products` VALUES ('9387b667-b693-487a-ad18-187b44661800', 11.00, 'Cua Hoàng Đế', 2, 22.00, 'eb51fe83-873e-4e47-ba30-fd988d8ea639', '67956404-2535-44f7-88ab-c418819cd34e', NULL, NULL, NULL);
INSERT INTO `order_products` VALUES ('9389bbe5-2f19-4b75-be12-f14e05826c75', 20000.00, 'Cua đồng', 1, 20000.00, 'd528637f-38d2-4379-826f-e8b83b3245fa', '38c78fa9-75f9-4c6c-985e-be8ae312cb3a', NULL, NULL, NULL);
INSERT INTO `order_products` VALUES ('9389bbe5-309a-4077-a633-9b898b48da92', 11.00, 'Cua Hoàng Đế', 2, 22.00, 'eb51fe83-873e-4e47-ba30-fd988d8ea639', '38c78fa9-75f9-4c6c-985e-be8ae312cb3a', NULL, NULL, NULL);

-- ----------------------------
-- Table structure for orders
-- ----------------------------
DROP TABLE IF EXISTS `orders`;
CREATE TABLE `orders`  (
  `id` char(36) CHARACTER SET utf8mb4 COLLATE utf8mb4_unicode_ci NOT NULL,
  `code` varchar(255) CHARACTER SET utf8mb4 COLLATE utf8mb4_unicode_ci NULL DEFAULT NULL,
  `code_number` int(11) NULL DEFAULT NULL,
  `user_id` char(36) CHARACTER SET utf8mb4 COLLATE utf8mb4_unicode_ci NULL DEFAULT NULL,
  `device_token` varchar(255) CHARACTER SET utf8mb4 COLLATE utf8mb4_unicode_ci NULL DEFAULT NULL,
  `total` decimal(15, 2) NULL DEFAULT NULL,
  `delivery_time_from` time(0) NULL DEFAULT NULL,
  `delivery_time_to` time(0) NULL DEFAULT NULL,
  `receiver_address` varchar(255) CHARACTER SET utf8mb4 COLLATE utf8mb4_unicode_ci NOT NULL,
  `receiver_name` varchar(255) CHARACTER SET utf8mb4 COLLATE utf8mb4_unicode_ci NOT NULL,
  `receiver_phone` varchar(30) CHARACTER SET utf8mb4 COLLATE utf8mb4_unicode_ci NOT NULL,
  `note` varchar(255) CHARACTER SET utf8mb4 COLLATE utf8mb4_unicode_ci NOT NULL,
  `status` varchar(255) CHARACTER SET utf8mb4 COLLATE utf8mb4_unicode_ci NOT NULL,
  `created_at` timestamp(0) NULL DEFAULT NULL,
  `updated_at` timestamp(0) NULL DEFAULT NULL,
  `deleted_at` timestamp(0) NULL DEFAULT NULL,
  PRIMARY KEY (`id`) USING BTREE,
  INDEX `orders_user_id_foreign`(`user_id`) USING BTREE,
  INDEX `orders_code_index`(`code`) USING BTREE,
  INDEX `orders_code_number_index`(`code_number`) USING BTREE,
  CONSTRAINT `orders_user_id_foreign` FOREIGN KEY (`user_id`) REFERENCES `users` (`id`) ON DELETE CASCADE ON UPDATE CASCADE
) ENGINE = InnoDB CHARACTER SET = utf8mb4 COLLATE = utf8mb4_unicode_ci ROW_FORMAT = Dynamic;

-- ----------------------------
-- Records of orders
-- ----------------------------
INSERT INTO `orders` VALUES ('136660b5-07d5-4027-b2c7-cb13df49a906', '000003', 3, NULL, 'asdsadsadsadsadsadsad', 20022.00, '01:00:00', '18:01:00', '256 điện biên phủ phường 7 quận 3', 'Thai Duc', '0978533952', '123', 'pending', '2021-05-27 17:20:34', '2021-05-27 17:20:34', NULL);
INSERT INTO `orders` VALUES ('38c78fa9-75f9-4c6c-985e-be8ae312cb3a', 'ĐH000005', 5, NULL, 'asdsadsadsadsadsadsad', 20022.00, '14:04:00', '17:01:00', '123', '123', '123', '123', 'pending', '2021-05-28 17:28:41', '2021-05-28 17:28:41', NULL);
INSERT INTO `orders` VALUES ('67956404-2535-44f7-88ab-c418819cd34e', 'OD000004', 4, NULL, 'asdsadsadsadsadsadsad', 20022.00, '14:02:00', '15:01:00', '256 điện biên phủ phường 7 quận 3', 'Thai Duc', '0978533951', '123', 'pending', '2021-05-27 17:21:41', '2021-05-27 18:20:52', NULL);
INSERT INTO `orders` VALUES ('b9b1173b-b9c3-4f15-a4a2-b69cd1f50db7', NULL, 1, NULL, 'asdsadsadsadsadsadsad', 3820000.00, '14:03:00', '20:01:00', '256 điện biên phủ phường 7 quận 3', 'Thai Duc', '0999999999', '123', 'pending', '2021-05-21 16:46:16', '2021-05-21 16:46:16', NULL);
INSERT INTO `orders` VALUES ('e632ab42-57ba-403c-954e-16ee4282d4f0', NULL, 2, NULL, 'asdsadsadsadsadsadsad', 3820000.00, NULL, NULL, '256 điện biên phủ phường 7 quận 3', 'Thai Duc', '0888888888', '123', 'pending', '2021-05-21 16:46:00', '2021-05-21 16:46:00', NULL);

-- ----------------------------
-- Table structure for password_resets
-- ----------------------------
DROP TABLE IF EXISTS `password_resets`;
CREATE TABLE `password_resets`  (
  `email` varchar(255) CHARACTER SET utf8mb4 COLLATE utf8mb4_unicode_ci NOT NULL,
  `token` varchar(255) CHARACTER SET utf8mb4 COLLATE utf8mb4_unicode_ci NOT NULL,
  `created_at` timestamp(0) NULL DEFAULT NULL,
  INDEX `password_resets_email_index`(`email`) USING BTREE
) ENGINE = InnoDB CHARACTER SET = utf8mb4 COLLATE = utf8mb4_unicode_ci ROW_FORMAT = Dynamic;

-- ----------------------------
-- Table structure for products
-- ----------------------------
DROP TABLE IF EXISTS `products`;
CREATE TABLE `products`  (
  `id` char(36) CHARACTER SET utf8mb4 COLLATE utf8mb4_unicode_ci NOT NULL,
  `name` varchar(255) CHARACTER SET utf8mb4 COLLATE utf8mb4_unicode_ci NOT NULL,
  `price` decimal(15, 2) NOT NULL DEFAULT 0.00,
  `image` varchar(255) CHARACTER SET utf8mb4 COLLATE utf8mb4_unicode_ci NULL DEFAULT NULL,
  `image_thumbnail` varchar(255) CHARACTER SET utf8mb4 COLLATE utf8mb4_unicode_ci NULL DEFAULT NULL,
  `description` text CHARACTER SET utf8mb4 COLLATE utf8mb4_unicode_ci NULL,
  `status` varchar(10) CHARACTER SET utf8mb4 COLLATE utf8mb4_unicode_ci NOT NULL DEFAULT 'active' COMMENT 'active/ inactive',
  `created_at` timestamp(0) NULL DEFAULT NULL,
  `updated_at` timestamp(0) NULL DEFAULT NULL,
  `deleted_at` timestamp(0) NULL DEFAULT NULL,
  PRIMARY KEY (`id`) USING BTREE
) ENGINE = InnoDB CHARACTER SET = utf8mb4 COLLATE = utf8mb4_unicode_ci ROW_FORMAT = Dynamic;

-- ----------------------------
-- Records of products
-- ----------------------------
INSERT INTO `products` VALUES ('0d4aa70c-85b4-4ae6-9648-6cfad4afd81d', '123', 123123.00, 'products/Chat-20210526-172714-GyAfW.jpg', NULL, '123213', 'inactive', '2021-05-26 17:27:14', '2021-05-26 17:27:14', NULL);
INSERT INTO `products` VALUES ('42b8fec1-70bb-44f2-8f11-3c089fcae3ac', '123', 213.00, 'products/Product-20210526-172804-4UKRY.jpg', NULL, NULL, 'inactive', '2021-05-26 17:28:04', '2021-05-26 17:28:04', NULL);
INSERT INTO `products` VALUES ('6c5ceb3e-6c0d-4c64-aa5e-887a317da610', '56', 56.00, 'products/icon-20210526-172344-gMgc2.png', NULL, '5', 'inactive', '2021-05-26 17:23:44', '2021-05-26 17:23:44', NULL);
INSERT INTO `products` VALUES ('a7c840f2-aaa5-42df-a508-400cbbd99efd', '1', 1.00, 'products/payment-20210526-172528-qoNKj.jpg', NULL, '11', 'inactive', '2021-05-26 17:25:28', '2021-05-26 17:25:28', NULL);
INSERT INTO `products` VALUES ('d528637f-38d2-4379-826f-e8b83b3245fa', 'Cua đồng', 20000.00, NULL, NULL, 'Cua tươi lắm', 'active', NULL, '2021-05-26 16:57:43', NULL);
INSERT INTO `products` VALUES ('eb51fe83-873e-4e47-ba30-fd988d8ea639', 'Cua Hoàng Đế', 11.00, 'products/icon-20210526-180609-02Qdg.png', NULL, 'Cua đông lạnh', 'active', NULL, '2021-05-26 18:06:09', NULL);

-- ----------------------------
-- Table structure for shops
-- ----------------------------
DROP TABLE IF EXISTS `shops`;
CREATE TABLE `shops`  (
  `id` char(36) CHARACTER SET utf8mb4 COLLATE utf8mb4_unicode_ci NOT NULL,
  `address` varchar(255) CHARACTER SET utf8mb4 COLLATE utf8mb4_unicode_ci NOT NULL,
  `zalo_phone` varchar(20) CHARACTER SET utf8mb4 COLLATE utf8mb4_unicode_ci NOT NULL,
  `latitude` varchar(30) CHARACTER SET utf8mb4 COLLATE utf8mb4_unicode_ci NOT NULL,
  `longitude` varchar(30) CHARACTER SET utf8mb4 COLLATE utf8mb4_unicode_ci NOT NULL,
  `status` varchar(10) CHARACTER SET utf8mb4 COLLATE utf8mb4_unicode_ci NOT NULL DEFAULT 'active' COMMENT 'active/ inactive',
  `created_at` timestamp(0) NULL DEFAULT NULL,
  `updated_at` timestamp(0) NULL DEFAULT NULL,
  `deleted_at` timestamp(0) NULL DEFAULT NULL,
  PRIMARY KEY (`id`) USING BTREE,
  INDEX `shops_zalo_phone_status_index`(`zalo_phone`, `status`) USING BTREE
) ENGINE = InnoDB CHARACTER SET = utf8mb4 COLLATE = utf8mb4_unicode_ci ROW_FORMAT = Dynamic;

-- ----------------------------
-- Records of shops
-- ----------------------------
INSERT INTO `shops` VALUES ('0e0b3764-d7db-416c-80f0-678687436bc0', '265 Hoàng Hoa Thám, Phường 15, Tân Bình, Thành phố Hồ Chí Minh', '0966624896', '10.808776169705743', '106.64798054023494', 'active', '2021-05-19 17:55:11', NULL, NULL);
INSERT INTO `shops` VALUES ('671c510d-abe4-40cd-83eb-4c47b72ef817', '194 Cao lỗ P4 Q8', '123213', '10.74039', '106.648002', 'inactive', '2021-05-27 11:32:18', '2021-05-27 11:32:18', NULL);
INSERT INTO `shops` VALUES ('7e0c72ee-3a5b-44fe-861d-68bd72769866', '123 Bạch Đằng, P2 , Bình Thạnh, HCM', '0978533952', '10.802910149705028', '106.70893645674538', 'active', '2021-05-19 17:55:13', NULL, NULL);

-- ----------------------------
-- Table structure for user_forgot_passwords
-- ----------------------------
DROP TABLE IF EXISTS `user_forgot_passwords`;
CREATE TABLE `user_forgot_passwords`  (
  `id` char(36) CHARACTER SET utf8mb4 COLLATE utf8mb4_unicode_ci NOT NULL,
  `code` varchar(20) CHARACTER SET utf8mb4 COLLATE utf8mb4_unicode_ci NOT NULL,
  `target` varchar(255) CHARACTER SET utf8mb4 COLLATE utf8mb4_unicode_ci NOT NULL COMMENT 'email or phone sent',
  `sending_method` varchar(255) CHARACTER SET utf8mb4 COLLATE utf8mb4_unicode_ci NOT NULL COMMENT 'email,sms',
  `user_id` char(36) CHARACTER SET utf8mb4 COLLATE utf8mb4_unicode_ci NOT NULL,
  `expired_at` datetime(0) NOT NULL,
  `created_at` timestamp(0) NULL DEFAULT NULL,
  `updated_at` timestamp(0) NULL DEFAULT NULL,
  `deleted_at` timestamp(0) NULL DEFAULT NULL,
  PRIMARY KEY (`id`) USING BTREE,
  INDEX `user_forgot_passwords_user_id_foreign`(`user_id`) USING BTREE,
  INDEX `user_forgot_passwords_code_target_sending_method_index`(`code`, `target`, `sending_method`) USING BTREE,
  CONSTRAINT `user_forgot_passwords_user_id_foreign` FOREIGN KEY (`user_id`) REFERENCES `users` (`id`) ON DELETE CASCADE ON UPDATE CASCADE
) ENGINE = InnoDB CHARACTER SET = utf8mb4 COLLATE = utf8mb4_unicode_ci ROW_FORMAT = Dynamic;

-- ----------------------------
-- Records of user_forgot_passwords
-- ----------------------------
INSERT INTO `user_forgot_passwords` VALUES ('13b567b0-fd76-4c87-b27a-01e1b8b21493', '398336', 'thducit@gmail.com', 'email', '7b4f8e7a-5fdf-4fc6-93dc-d24b760ff0cf', '2021-05-19 15:36:22', '2021-05-19 15:21:22', '2021-05-19 15:34:45', '2021-05-19 15:34:45');

-- ----------------------------
-- Table structure for users
-- ----------------------------
DROP TABLE IF EXISTS `users`;
CREATE TABLE `users`  (
  `id` char(36) CHARACTER SET utf8mb4 COLLATE utf8mb4_unicode_ci NOT NULL,
  `name` varchar(255) CHARACTER SET utf8mb4 COLLATE utf8mb4_unicode_ci NOT NULL,
  `email` varchar(255) CHARACTER SET utf8mb4 COLLATE utf8mb4_unicode_ci NULL DEFAULT NULL,
  `phone` varchar(30) CHARACTER SET utf8mb4 COLLATE utf8mb4_unicode_ci NULL DEFAULT NULL,
  `address` varchar(255) CHARACTER SET utf8mb4 COLLATE utf8mb4_unicode_ci NULL DEFAULT NULL,
  `email_verified_at` timestamp(0) NULL DEFAULT NULL,
  `password` varchar(255) CHARACTER SET utf8mb4 COLLATE utf8mb4_unicode_ci NOT NULL,
  `remember_token` varchar(100) CHARACTER SET utf8mb4 COLLATE utf8mb4_unicode_ci NULL DEFAULT NULL,
  `created_at` timestamp(0) NULL DEFAULT NULL,
  `updated_at` timestamp(0) NULL DEFAULT NULL,
  PRIMARY KEY (`id`) USING BTREE,
  UNIQUE INDEX `users_email_unique`(`email`) USING BTREE,
  UNIQUE INDEX `users_phone_unique`(`phone`) USING BTREE,
  INDEX `users_phone_index`(`phone`) USING BTREE
) ENGINE = InnoDB CHARACTER SET = utf8mb4 COLLATE = utf8mb4_unicode_ci ROW_FORMAT = Dynamic;

-- ----------------------------
-- Records of users
-- ----------------------------
INSERT INTO `users` VALUES ('58b307cf-7cb7-48e1-8174-d4995bc78b60', 'thai duc', 'thdu1cit@gmail.com', '0978533951', 'mm', NULL, '$2y$10$W4qvMQZ7ttlw4womLYvaiOq8hV0eb8bNqA8NF6j.NCrhJd52YlbA6', NULL, '2021-05-20 17:55:52', '2021-05-20 17:55:52');
INSERT INTO `users` VALUES ('7b4f8e7a-5fdf-4fc6-93dc-d24b760ff0cf', 'thai duc', 'thducit@gmail.com', '0978533952', 'mm', NULL, '$2y$10$eI.tCAYbzkCjRG7HrXbPUel1MqzgzqpXTnG4ZLLHx0oD8OItWE2vy', 'cfNPlKAPPbsPAgYESIq9gRhHk7EjDBcuATenzNAPOorJRxs5Aju45jdu2Ymv', '2021-05-19 11:12:40', '2021-05-25 14:59:13');
INSERT INTO `users` VALUES ('c637e413-d126-4c7c-9f3f-f2541071362a', 'thai duc', 'thdu11cit@gmail.com', '09785339521', 'mm', NULL, '$2y$10$/xg/d1obUelmYY34nfqqr.yOcBid3ATcvmfGeGsiHoDw76dQG..xi', NULL, '2021-05-28 17:04:47', '2021-05-28 17:04:47');

SET FOREIGN_KEY_CHECKS = 1;
